pH,Dissolved Oxygen,Temperature,Potability
7.45,7.56,50,FALSE
7.83,7.58,0,TRUE
8.09,7.29,50,TRUE
7.16,7.83,25,TRUE
7.59,7.98,25,TRUE
8.08,6.72,25,TRUE
7.36,7.95,25,TRUE
7.73,6.51,25,TRUE
8.54,7.48,50,TRUE
7.29,6.74,25,TRUE
8.49,7.97,0,TRUE
6.73,7.77,0,TRUE
6.15,7.28,25,TRUE
6.91,19,0,FALSE
7.4,6.7,0,TRUE
8.53,7.96,50,TRUE
7.79,6.74,25,TRUE
7.15,7.35,0,TRUE
7.69,7.37,25,TRUE
8.06,6.9,25,TRUE
6.56,7.8,0,TRUE
7.77,7.5,0,TRUE
8.68,6.75,50,TRUE
8.04,6.58,0,TRUE
7.57,7.29,50,TRUE
7.94,7.28,50,TRUE
7.37,6.86,50,FALSE
7.27,6.71,0,TRUE
8.73,6.97,50,TRUE
7.4,6.69,0,TRUE
8.37,6.95,50,TRUE
7.7,7.83,0,TRUE
6.69,7.48,25,TRUE
7.16,6.98,0,TRUE
6.56,7.38,25,TRUE
7.52,6.61,0,TRUE
7.99,6.65,0,TRUE
8.04,7.8,0,TRUE
7.68,7.48,0,TRUE
9.78,7.41,50,FALSE
8.29,6.58,50,TRUE
7.71,6.63,25,TRUE
7.12,6.84,25,TRUE
6.97,7.95,50,TRUE
6.34,7.84,25,TRUE
6.97,7.53,0,TRUE
6.84,7.73,0,TRUE
8.21,7.84,50,TRUE
7.34,7.53,0,TRUE
8.47,7.41,50,TRUE
7.71,7.17,0,TRUE
7.48,6.52,25,TRUE
6.72,10.82,0,FALSE
6.7,7.1,25,TRUE
7.36,7.64,0,TRUE
7.42,7.85,0,TRUE
8.26,6.56,0,TRUE
7.08,7.38,0,TRUE
7.15,7.48,25,TRUE
6.23,7.32,25,TRUE
7.41,7.42,0,TRUE
8.04,7.93,0,TRUE
6.59,6.66,25,TRUE
6.62,6.83,0,TRUE
8.8,6.87,50,TRUE
13.71,6.64,50,FALSE
7.61,6.57,0,TRUE
7.78,7.23,0,TRUE
7.12,7.18,25,TRUE
7.8,7.33,25,TRUE
6.74,7.52,25,TRUE
7.89,7.57,50,TRUE
8.34,7.96,50,TRUE
6.18,7.85,25,TRUE
8.71,7.93,50,TRUE
8.31,6.54,0,TRUE
7.58,7.99,0,TRUE
7.5,7.06,25,TRUE
7.89,15.36,0,FALSE
7.85,7.35,25,TRUE
8.84,7.46,50,TRUE
7.92,6.98,50,TRUE
6.77,6.51,25,TRUE
6.66,7.86,25,TRUE
6.73,7.29,25,TRUE
8.7,6.72,50,TRUE
8.85,7.85,50,TRUE
7.36,7.04,50,TRUE
7.55,7.1,25,TRUE
6.38,7,25,TRUE
7.21,7.09,0,TRUE
7.63,10.49,50,FALSE
7.86,7.02,50,TRUE
7.38,6.79,50,TRUE
7.43,7.57,25,TRUE
7.4,7.36,50,TRUE
7.36,6.88,0,TRUE
7.07,7.44,25,TRUE
8.28,7.81,0,TRUE
7.55,7.94,25,TRUE
7.96,6.7,25,TRUE
7.78,7.74,0,TRUE
8.68,7.26,50,TRUE
6.3,6.69,25,TRUE
6.57,7.77,25,FALSE
7.94,7.92,0,TRUE
7.32,7.64,0,TRUE
8.31,7.93,0,TRUE
7.24,6.61,25,TRUE
6.74,6.79,0,TRUE
7.49,6.83,50,TRUE
7.13,6.59,25,TRUE
6.71,7.38,25,TRUE
6.98,7.75,50,TRUE
7.17,6.96,50,TRUE
8.82,6.55,50,TRUE
7.76,7.29,0,TRUE
7.77,7.21,0,FALSE
8.02,7.2,50,TRUE
8.41,6.69,50,TRUE
7.31,7.62,25,TRUE
7,6.64,25,TRUE
7.82,7.16,0,TRUE
7.9,7.12,0,TRUE
8.22,6.87,50,TRUE
8.09,7.73,25,TRUE
8.05,7.05,50,TRUE
7.52,7.51,25,TRUE
6.19,6.86,25,TRUE
8.29,6.95,0,TRUE
7,18.01,0,FALSE
7.47,6.71,50,TRUE
7.26,6.83,0,TRUE
7.62,7.36,25,TRUE
7.18,6.61,25,TRUE
6.27,6.61,25,TRUE
8.82,7.94,50,TRUE
6.77,6.67,0,TRUE
8.23,6.59,50,TRUE
7.35,7.49,0,TRUE
7.08,7.57,25,TRUE
7.71,7.72,50,TRUE
7.46,7.26,50,TRUE
7.73,14.05,0,FALSE
7.18,7.56,50,TRUE
6.74,7.03,0,TRUE
7.16,7.13,0,TRUE
6.81,7.72,0,TRUE
6.94,7.72,25,TRUE
7.52,6.67,25,TRUE
8.78,7.15,50,TRUE
7.26,7.01,25,TRUE
7.3,7.8,50,TRUE
7.83,7.58,0,TRUE
6.55,7.06,0,TRUE
7.73,6.73,25,TRUE
7.65,6.53,0,FALSE
7.26,7.48,25,TRUE
6.23,6.71,25,TRUE
8.95,7.84,50,TRUE
6.87,7.69,0,TRUE
7.54,7.48,50,TRUE
6.39,6.72,25,TRUE
7.97,6.81,50,TRUE
7.6,7.71,50,TRUE
7.04,7.76,25,TRUE
8.32,7.46,0,TRUE
8.28,6.61,0,TRUE
7.36,6.55,50,TRUE
6.85,19.33,25,FALSE
8.29,6.91,50,TRUE
7.29,7.4,25,TRUE
7.73,7.88,50,TRUE
7.87,7.47,0,TRUE
7.5,7.71,50,TRUE
8.76,7.15,50,TRUE
7.62,7.55,0,TRUE
6.5,6.57,25,TRUE
8.5,7.27,0,TRUE
7.47,7.75,0,TRUE
6.33,7.56,25,TRUE
7.38,7.82,25,TRUE
7.8,6.97,50,FALSE
6.35,7.8,25,TRUE
6.75,7.58,25,TRUE
7.71,7.62,0,TRUE
7.87,7.34,0,TRUE
7.97,7.01,0,TRUE
6.86,7.73,25,TRUE
8.71,6.75,50,TRUE
8.27,7.83,0,TRUE
7.66,7.49,25,TRUE
7.51,7.6,0,TRUE
8.21,6.98,0,TRUE
6.99,6.83,50,TRUE
7.12,6.81,0,FALSE
7.21,6.85,25,TRUE
7.07,7.72,0,TRUE
7.46,7.45,50,TRUE
7.37,7.58,50,TRUE
6.25,6.63,25,TRUE
7.21,7.38,25,TRUE
7.99,7.07,50,TRUE
7.56,7.92,50,TRUE
7.77,6.51,0,TRUE
8.18,7.25,0,TRUE
7.18,7.05,0,TRUE
7.54,6.9,0,TRUE
13.95,6.8,50,FALSE
6.93,7.46,25,TRUE
7.02,7.84,25,TRUE
6.92,7.07,25,TRUE
8.83,7.48,50,TRUE
7.38,6.77,25,TRUE
6.5,7.02,25,TRUE
6.16,6.51,25,TRUE
6.9,7.5,25,TRUE
7.16,7.79,25,TRUE
7.23,6.75,0,TRUE
8.65,7.03,50,TRUE
8.21,7.01,50,TRUE
12.12,7.66,25,FALSE
8.72,7.82,50,TRUE
8.53,7.63,50,TRUE
8.04,7.78,25,TRUE
6.65,7.5,0,TRUE
8.66,7.77,50,TRUE
7.44,6.95,0,TRUE
6.39,6.98,25,TRUE
7.25,6.8,25,TRUE
7.56,6.51,0,TRUE
8.37,7.03,50,TRUE
7.09,6.71,50,TRUE
6.57,6.8,0,TRUE
7.28,15.81,0,FALSE
7.77,6.85,0,TRUE
7.06,6.66,50,TRUE
7.84,7.43,25,TRUE
7.68,7.3,0,TRUE
6.74,7.26,0,TRUE
7.56,7.51,25,TRUE
8.93,6.63,50,TRUE
7.12,7.17,25,TRUE
7.61,7.31,0,TRUE
7.99,7.78,25,TRUE
7.4,7.71,50,TRUE
8.53,6.6,50,TRUE
9.6,7.92,0,FALSE
6.81,7.18,0,TRUE
6.39,6.85,25,TRUE
7.69,7.61,0,TRUE
7.12,7.52,50,TRUE
7.39,6.97,0,TRUE
8.2,6.86,0,TRUE
7.57,6.78,25,TRUE
7.89,7.47,50,TRUE
8.49,7.31,0,TRUE
7.3,7.99,50,TRUE
7.13,7.24,50,TRUE
7.35,7.14,0,TRUE
6.88,6.51,50,FALSE
8.65,6.98,50,TRUE
8.08,7.03,50,TRUE
7.65,6.99,25,TRUE
8.18,7.9,0,TRUE
6.53,7.58,0,TRUE
7.04,7.93,25,TRUE
8.26,6.88,0,TRUE
6.6,6.59,25,TRUE
8.01,6.77,0,TRUE
6.11,7.51,25,TRUE
6.93,7,25,TRUE
7.97,7.88,0,TRUE
13.08,7.12,0,FALSE
7.41,7.47,0,TRUE
8.8,6.67,50,TRUE
6.47,6.89,25,TRUE
8,7.15,0,TRUE
6.66,6.82,25,TRUE
7.78,6.92,50,TRUE
8.14,7.22,0,TRUE
7.91,7.3,25,TRUE
7.56,6.6,0,TRUE
7.53,6.87,50,TRUE
7.72,7.75,0,TRUE
7.53,7.93,25,TRUE
12.11,7.41,25,FALSE
7.32,7.73,25,TRUE
8.71,6.68,50,TRUE
7.18,7.16,25,TRUE
8.29,7.47,0,TRUE
8.78,7.4,50,TRUE
7.96,7.43,0,TRUE
8.05,7.62,0,TRUE
7.28,7.76,25,TRUE
7.9,7.92,25,TRUE
6.88,6.97,0,TRUE
8.19,7.93,50,TRUE
7.78,7.21,0,TRUE
7.69,7.63,0,FALSE
6.77,7.64,0,TRUE
7.64,7.96,0,TRUE
7.55,7.14,25,TRUE
6.45,7.58,25,TRUE
7.93,8,25,TRUE
6.13,6.7,25,TRUE
7.6,6.91,50,TRUE
8.49,7.16,0,TRUE
8.29,6.89,0,TRUE
8.72,7.52,50,TRUE
6.77,7.77,0,TRUE
8.85,7.4,50,TRUE
6.74,6.88,25,FALSE
8.1,6.55,0,TRUE
8.96,6.78,50,TRUE
7.03,6.72,50,TRUE
6.27,7.92,25,TRUE
6.95,7.31,0,TRUE
8.47,7.45,0,TRUE
7.1,6.81,25,TRUE
7.42,7.08,0,TRUE
8.3,7.44,50,TRUE
7.64,7.06,25,TRUE
6.73,7.66,0,TRUE
7.49,6.87,50,TRUE
6.81,18.36,25,FALSE
7.46,6.76,0,TRUE
8.9,7.15,50,TRUE
8.35,7.31,0,TRUE
7.99,7.38,0,TRUE
7.62,6.64,0,TRUE
7.78,6.71,50,TRUE
7.08,7.8,0,TRUE
6.19,6.66,25,TRUE
7.94,6.75,50,TRUE
6.59,6.56,0,TRUE
7.41,7.48,0,TRUE
8.45,7.97,50,TRUE
7.14,10.2,50,FALSE
8.06,7.11,50,TRUE
7.23,7.13,50,TRUE
8.37,6.86,0,TRUE
7.66,7.04,50,TRUE
7.71,6.58,25,TRUE
7.62,7.1,0,TRUE
6.43,7.44,25,TRUE
6.76,6.64,25,TRUE
7.39,7.94,25,TRUE
7.07,7.24,0,TRUE
7.19,7.92,25,TRUE
8.89,6.76,50,TRUE
7.07,11.62,0,FALSE
6.18,7.97,25,TRUE
8.52,7.54,50,TRUE
7.05,7.27,0,TRUE
8.2,6.82,50,TRUE
8.59,7.47,50,TRUE
7.83,6.64,50,TRUE
6.64,7.25,25,TRUE
8.42,7.11,50,TRUE
7.81,7.74,50,TRUE
7.26,7.54,0,TRUE
6.14,7.85,25,TRUE
7.43,7.58,50,TRUE
7.51,7.14,25,FALSE
7.02,7,50,TRUE
7.66,7.47,0,TRUE
7.26,7.94,50,TRUE
7.95,7.56,50,TRUE
6.88,6.58,0,TRUE
7.98,6.62,0,TRUE
7.46,6.99,25,TRUE
7.02,7.68,50,TRUE
7.26,7.06,50,TRUE
7.63,6.54,0,TRUE
8.69,7.42,50,TRUE
7.74,7.44,50,TRUE
7.12,6.99,25,FALSE
7.5,6.61,0,TRUE
7.38,6.68,50,TRUE
7.72,7.16,50,TRUE
7.33,7.33,25,TRUE
6.31,6.68,25,TRUE
7.57,7.61,0,TRUE
6.63,7.17,0,TRUE
7.8,7.07,25,TRUE
6.95,6.55,25,TRUE
8.84,7.9,50,TRUE
7.87,7.5,50,TRUE
7.16,7.99,50,TRUE
7.53,7.41,50,FALSE
7.97,7.82,0,TRUE
8.44,7.24,0,TRUE
6.81,6.68,25,TRUE
8.07,7.25,0,TRUE
7.75,7.82,25,TRUE
8.65,7.31,50,TRUE
7.08,7.38,0,TRUE
8.94,7.71,50,TRUE
6.54,7.22,25,TRUE
7.34,8,0,TRUE
6.5,6.75,25,TRUE
7.68,7.69,50,TRUE
11.43,7.84,0,FALSE
7.93,8,50,TRUE
6.56,7.01,25,TRUE
7.16,7.76,25,TRUE
6.75,7.58,25,TRUE
7.83,7.94,50,TRUE
7.82,7.46,25,TRUE
7.09,7.51,0,TRUE
7.53,6.95,25,TRUE
6.27,7.59,25,TRUE
7.84,7.51,0,TRUE
6.57,7.33,25,TRUE
6.72,7.57,25,TRUE
6.54,6.7,25,FALSE
7.14,7.73,25,TRUE
7.18,6.72,50,TRUE
8.35,7.06,0,TRUE
6.22,7.55,25,TRUE
7.55,7.54,0,TRUE
7.82,7.16,0,TRUE
6.17,6.77,25,TRUE
6.61,7.11,25,TRUE
7.04,7.83,25,TRUE
8.44,6.77,0,TRUE
8.65,7.31,50,TRUE
6.71,7.83,25,TRUE
7.85,6.81,25,FALSE
8.34,7.11,50,TRUE
6.53,7.51,0,TRUE
7.26,7.37,0,TRUE
7.81,7.79,25,TRUE
7.26,7.16,0,TRUE
7.72,7.48,0,TRUE
7.23,7.06,0,TRUE
7.72,6.53,50,TRUE
7.12,7.64,50,TRUE
7.28,7.86,25,TRUE
8.75,7.04,50,TRUE
6.85,7.91,0,TRUE
7.04,11.13,50,FALSE
7.31,7.98,25,TRUE
6.57,6.97,25,TRUE
8.34,7.83,0,TRUE
8.37,7.98,50,TRUE
7.6,7.45,50,TRUE
7.68,7.34,0,TRUE
7.97,6.89,50,TRUE
8.34,6.58,50,TRUE
7.18,7.95,25,TRUE
7.17,6.98,25,TRUE
8.74,7.86,50,TRUE
7.09,7.31,50,TRUE
7.79,7.88,25,FALSE
7.1,6.82,50,TRUE
7.9,6.92,0,TRUE
7.15,7.56,25,TRUE
7.9,7.83,25,TRUE
8.53,6.53,50,TRUE
7.37,7.51,50,TRUE
8.03,7.01,0,TRUE
6.71,6.83,0,TRUE
7.3,7.97,0,TRUE
6.82,7.47,0,TRUE
6.82,7.07,25,TRUE
6.62,7.43,25,TRUE
10.49,7.68,25,FALSE
7.37,6.62,0,TRUE
7.68,7.6,0,TRUE
8.4,7.53,50,TRUE
7.03,7.32,50,TRUE
8.3,6.83,50,TRUE
7.2,6.8,25,TRUE
7.65,7.84,50,TRUE
6.56,6.84,25,TRUE
7.1,6.68,50,TRUE
8.31,6.98,50,TRUE
8.15,6.64,0,TRUE
7.88,6.52,25,TRUE
9.77,7.91,0,FALSE
7.39,6.52,0,TRUE
6.77,7.89,0,TRUE
7.82,7.63,50,TRUE
6.62,7.15,25,TRUE
6.99,7.35,25,TRUE
8.47,7.22,50,TRUE
6.81,6.52,25,TRUE
7.95,7.26,0,TRUE
7.22,7.2,25,TRUE
7.96,7.48,50,TRUE
7.06,7.73,0,TRUE
7.62,7.91,25,TRUE
13.66,7.36,50,FALSE
7.3,7.25,0,TRUE
7.53,7.79,0,TRUE
7.1,7.49,0,TRUE
7.27,7.56,25,TRUE
7.92,7.62,50,TRUE
8.05,6.87,50,TRUE
6.45,6.63,25,TRUE
6.84,7.5,0,TRUE
8.78,6.83,50,TRUE
7.89,6.69,50,TRUE
6.87,6.88,25,TRUE
7.31,7.52,0,TRUE
7.13,7.16,0,FALSE
7.23,7.82,25,TRUE
7.61,7.52,50,TRUE
6.47,7.54,25,TRUE
7.11,6.66,50,TRUE
7.78,7.52,0,TRUE
7.22,6.72,0,TRUE
7.58,7.99,0,TRUE
8.87,7.72,50,TRUE
8.27,7.89,50,TRUE
8.39,7.02,50,TRUE
7.65,7.98,50,TRUE
8.01,7.23,0,TRUE
6.69,7.48,50,FALSE
6.69,7.95,0,TRUE
6.87,7.52,0,TRUE
8.1,7.14,50,TRUE
7.28,7.44,50,TRUE
7.39,6.72,25,TRUE
8.75,7.32,50,TRUE
6.52,7.19,0,TRUE
8.45,6.69,0,TRUE
8.97,7.38,50,TRUE
7.45,6.55,0,TRUE
8.18,7.19,0,TRUE
7.53,7.89,0,TRUE
13.27,7.87,50,FALSE
6.13,7.22,25,TRUE
8.27,6.9,0,TRUE
7.79,7.4,50,TRUE
8.83,7.83,50,TRUE
7.9,6.79,25,TRUE
7.64,7.54,0,TRUE
7.71,7.41,0,TRUE
8.7,7.75,50,TRUE
6.74,7.2,0,TRUE
8.48,6.94,0,TRUE
7.76,6.58,25,TRUE
7.1,7.55,0,TRUE
6.8,7.16,25,FALSE
6.64,7.44,25,TRUE
8.42,7.1,50,TRUE
6.25,7.84,25,TRUE
6.28,7.18,25,TRUE
7.43,7.61,0,TRUE
7.45,7.12,25,TRUE
8.54,7.67,50,TRUE
8.25,7.59,0,TRUE
8.9,6.53,50,TRUE
6.21,7.47,25,TRUE
8.64,7.48,50,TRUE
6.23,7.64,25,TRUE
11.58,7.82,50,FALSE
6.69,7.35,25,TRUE
7.05,7.21,50,TRUE
7.77,6.84,50,TRUE
8.38,7.65,50,TRUE
6.71,6.61,25,TRUE
7.92,7.11,25,TRUE
8.31,6.68,0,TRUE
8.8,7.59,50,TRUE
7.63,6.72,0,TRUE
7.48,7.17,0,TRUE
6.75,7.17,25,TRUE
7.73,7.17,50,TRUE
10.41,7.66,0,FALSE
8.24,6.56,0,TRUE
7.46,7.57,50,TRUE
7.69,6.59,0,TRUE
7.56,7.85,50,TRUE
8.21,7.36,50,TRUE
6.66,7.41,0,TRUE
6.88,7.34,0,TRUE
7.53,6.8,50,TRUE
7.78,7.35,25,TRUE
6.78,7.48,25,TRUE
7.49,7.38,25,TRUE
7.4,6.52,50,TRUE
13.97,7.34,50,FALSE
7.41,7.06,50,TRUE
7.47,7.04,0,TRUE
6.59,7.18,0,TRUE
7.79,6.79,25,TRUE
7.38,7.48,50,TRUE
7.12,6.62,25,TRUE
7.6,6.62,50,TRUE
8.97,7.72,50,TRUE
7.32,7.54,25,TRUE
6.2,7.96,25,TRUE
7.27,7.87,0,TRUE
6.55,7.78,0,TRUE
7.96,7.05,25,FALSE
7.56,6.83,50,TRUE
8.1,7,50,TRUE
6.77,6.53,25,TRUE
6.72,6.82,25,TRUE
8.15,7,0,TRUE
7.06,7.05,25,TRUE
8.94,7.75,50,TRUE
7.04,7.87,0,TRUE
7.67,7.58,25,TRUE
7.21,7.04,50,TRUE
7.93,6.79,50,TRUE
7.39,7.53,50,TRUE
6.65,7.24,0,FALSE
7.42,7.76,50,TRUE
6.78,7.23,25,TRUE
8.71,7.97,50,TRUE
7.38,6.61,25,TRUE
8.79,7.45,50,TRUE
8.31,7.02,50,TRUE
7.36,7.37,0,TRUE
7.66,7.55,25,TRUE
7.11,6.95,50,TRUE
6.8,7.57,0,TRUE
6.67,7.46,25,TRUE
7.05,6.64,50,TRUE
6.53,8,50,FALSE
6.94,6.91,0,TRUE
6.56,8,25,TRUE
7.72,7.66,25,TRUE
7.6,6.88,50,TRUE
7.97,7.76,25,TRUE
7.65,7.98,25,TRUE
7.36,6.53,25,TRUE
7.17,7.66,50,TRUE
7.5,7.79,25,TRUE
6.86,7.18,0,TRUE
6.48,7.95,25,TRUE
7.35,6.88,25,TRUE
6.69,7.94,50,FALSE
6.92,6.55,0,TRUE
7.55,7.39,25,TRUE
7.45,7.51,25,TRUE
7.76,7.54,0,TRUE
6.93,6.63,0,TRUE
6.19,7.5,25,TRUE
7.25,6.94,0,TRUE
7.39,6.84,50,TRUE
6.97,7.8,50,TRUE
6.61,7.71,25,TRUE
7.2,7.25,0,TRUE
7.38,6.94,0,TRUE
7.9,7.29,25,FALSE
6.93,7.1,25,TRUE
7.91,7.18,25,TRUE
7.13,7.39,50,TRUE
7.37,6.56,25,TRUE
8,6.83,50,TRUE
6.65,7.02,0,TRUE
7.25,7.8,25,TRUE
7.24,7.11,50,TRUE
7.71,7.85,25,TRUE
8.2,6.97,50,TRUE
8.03,7.61,50,TRUE
7.73,7.26,50,TRUE
10.04,6.87,50,FALSE
7.29,6.71,25,TRUE
8.84,6.86,50,TRUE
7.52,7.36,0,TRUE
7.33,7.5,25,TRUE
6.55,7.81,0,TRUE
8.05,7.41,0,TRUE
8.33,7.51,0,TRUE
8.41,7.37,0,TRUE
7.13,7.57,0,TRUE
8.11,7.04,0,TRUE
8.92,7.75,50,TRUE
7.62,7.84,50,TRUE
7.81,6.99,25,FALSE
8.62,7.82,50,TRUE
7.7,6.61,25,TRUE
6.67,6.63,25,TRUE
7.9,7.42,25,TRUE
7.63,7.33,25,TRUE
7.86,6.56,50,TRUE
6.87,7.78,0,TRUE
8.12,6.71,0,TRUE
6.51,7.84,0,TRUE
6.42,6.82,25,TRUE
8.67,7.53,50,TRUE
8.18,6.66,50,TRUE
6.62,6.93,0,FALSE
7.34,6.58,25,TRUE
7.12,7.29,25,TRUE
8.53,7.06,50,TRUE
8.09,7.62,0,TRUE
6.88,6.75,0,TRUE
7.66,7.31,50,TRUE
7.98,6.7,0,TRUE
7.62,7.19,50,TRUE
6.98,7.91,50,TRUE
8.61,6.94,50,TRUE
7.67,6.64,50,TRUE
6.82,7.02,25,TRUE
7.4,7.69,25,FALSE
8.07,6.58,25,TRUE
8.78,7.4,50,TRUE
8.28,7.08,50,TRUE
6.93,7.41,25,TRUE
7.63,7.48,0,TRUE
6.98,7.79,25,TRUE
8.39,7.99,50,TRUE
6.71,6.74,25,TRUE
7.36,7.85,0,TRUE
8.26,6.52,50,TRUE
8.09,7.7,0,TRUE
6.99,7.66,0,TRUE
7.56,17.07,0,FALSE
8.97,7.79,50,TRUE
7.23,7.07,50,TRUE
7.44,7.52,0,TRUE
7.54,7.73,25,TRUE
6.78,7.5,25,TRUE
8.73,7.28,50,TRUE
6.53,7.69,0,TRUE
7.87,6.79,0,TRUE
7.79,7.78,25,TRUE
7.37,7.38,0,TRUE
8.19,7.08,50,TRUE
8.44,7.17,0,TRUE
7.83,6.79,25,FALSE
6.13,7.14,25,TRUE
8.17,7.53,0,TRUE
7.89,7.3,0,TRUE
7.71,7.96,50,TRUE
7.88,7.52,25,TRUE
6.58,7.01,0,TRUE
7.09,7.84,25,TRUE
7.08,7.77,50,TRUE
6.8,6.82,0,TRUE
7.23,7.99,0,TRUE
6.67,6.53,0,TRUE
7.23,7.83,25,TRUE
7.9,12.71,0,FALSE
7.48,7.91,0,TRUE
6.88,6.95,25,TRUE
6.86,7.9,25,TRUE
7.37,6.56,50,TRUE
8.02,7.41,25,TRUE
8.76,7.13,50,TRUE
6.72,7.13,25,TRUE
6.91,6.61,25,TRUE
8.62,6.97,50,TRUE
7.36,7.76,25,TRUE
7.79,6.97,50,TRUE
6.69,7.43,25,TRUE
13.9,7.35,0,FALSE
7.39,6.97,0,TRUE
7.27,7.3,0,TRUE
6.57,6.79,0,TRUE
6.12,6.83,25,TRUE
8.04,6.75,0,TRUE
7.96,7.71,50,TRUE
6.88,7.55,25,TRUE
8.72,7.29,50,TRUE
7.88,7.23,25,TRUE
7.56,6.76,25,TRUE
7.39,6.88,0,TRUE
7.42,7.28,0,TRUE
6.74,6.68,50,FALSE
8.71,6.79,50,TRUE
6.86,6.64,0,TRUE
6.44,8,25,TRUE
6.29,6.57,25,TRUE
8.75,7.4,50,TRUE
7.75,6.58,25,TRUE
7.44,6.6,0,TRUE
8.05,6.82,0,TRUE
7.05,7.86,0,TRUE
7.87,7.14,25,TRUE
8.19,7,50,TRUE
8.4,7.51,0,TRUE
7.16,7.03,25,FALSE
6.46,7.98,25,TRUE
7.85,7.26,50,TRUE
7.69,7.67,50,TRUE
7.63,6.8,0,TRUE
7.16,7.58,25,TRUE
6.91,6.86,0,TRUE
6.98,6.88,50,TRUE
7.85,7.46,0,TRUE
6.71,6.73,0,TRUE
6.61,7.41,0,TRUE
8.63,6.54,50,TRUE
7.6,6.64,25,TRUE
6.94,6.91,25,FALSE
7.95,7.22,25,TRUE
7.57,6.81,25,TRUE
7.96,6.7,50,TRUE
7.77,6.53,0,TRUE
7.56,6.97,0,TRUE
7.64,7.49,25,TRUE
8.36,7.35,50,TRUE
8.94,6.53,50,TRUE
8.76,7.43,50,TRUE
8.06,6.88,0,TRUE
7.99,7.02,50,TRUE
7.63,6.66,50,TRUE
7.66,7.43,25,FALSE
7,7.87,0,TRUE
8.39,7.52,0,TRUE
8.81,7.28,50,TRUE
8.14,6.77,50,TRUE
8.36,6.97,0,TRUE
7.07,7.05,25,TRUE
7.08,7.52,50,TRUE
7.73,7.6,0,TRUE
6.17,6.75,25,TRUE
6.8,7.5,0,TRUE
7.23,7.82,25,TRUE
6.5,6.91,25,TRUE
6.53,7.9,0,FALSE
7.35,7.18,50,TRUE
7.76,7.88,0,TRUE
8.05,6.68,50,TRUE
7.64,6.58,50,TRUE
8.25,7.62,0,TRUE
6.49,7.12,25,TRUE
8.74,7.56,50,TRUE
6.74,7.66,0,TRUE
7.76,6.69,25,TRUE
7.5,6.75,0,TRUE
7.39,6.75,50,TRUE
7.82,6.52,50,TRUE
7.81,7.43,0,FALSE
7.23,6.65,50,TRUE
6.19,7.28,25,TRUE
6.68,6.76,25,TRUE
7.31,7.55,0,TRUE
6.81,7.59,25,TRUE
6.79,7.73,25,TRUE
7.58,7.23,50,TRUE
6.99,7.24,50,TRUE
7.82,8,0,TRUE
7.99,7.29,0,TRUE
8.91,6.9,50,TRUE
7.35,7.88,50,TRUE
6.55,6.84,50,FALSE
7.48,7.16,25,TRUE
7.97,7.81,50,TRUE
8,6.58,25,TRUE
6.75,7.06,25,TRUE
7.73,7.92,50,TRUE
7.14,6.71,50,TRUE
8.07,7.93,25,TRUE
7.96,7.39,50,TRUE
8.71,7.66,50,TRUE
8.31,6.91,50,TRUE
7.54,6.7,50,TRUE
8.08,7.78,0,TRUE
7.89,6.91,0,FALSE
7.03,7.1,50,TRUE
8.23,7.48,0,TRUE
6.79,7.82,0,TRUE
8.7,6.81,50,TRUE
7.88,7.19,50,TRUE
6.2,6.77,25,TRUE
8.14,7.09,50,TRUE
8.18,7.57,0,TRUE
6.83,6.86,0,TRUE
6.22,6.84,25,TRUE
7.01,7.92,50,TRUE
8.75,7.79,50,TRUE
9.53,7.77,25,FALSE
7.97,7.08,50,TRUE
7.92,7.69,0,TRUE
7.23,6.92,0,TRUE
7.66,7.95,0,TRUE
7.81,7.2,25,TRUE
7.37,7.59,25,TRUE
8.59,6.82,50,TRUE
7.38,7.59,0,TRUE
7.38,7.84,0,TRUE
8.15,7.4,0,TRUE
7.51,6.57,0,TRUE
6.44,7.74,25,TRUE
10.31,7.43,0,FALSE
7.19,7.03,0,TRUE
7.16,7.91,50,TRUE
6.11,7.75,25,TRUE
7.75,7.18,25,TRUE
7.64,7.4,50,TRUE
6.6,7.04,25,TRUE
6.99,7.2,0,TRUE
6.52,6.92,25,TRUE
8.8,7.18,50,TRUE
8.44,7.62,0,TRUE
8.21,8,0,TRUE
8.34,7.84,50,TRUE
6.95,6.62,0,FALSE
8.15,7.99,50,TRUE
6.51,7.12,25,TRUE
7.12,6.67,50,TRUE
8.02,7.84,25,TRUE
7.39,7.05,25,TRUE
8.25,6.63,0,TRUE
8.45,6.79,50,TRUE
8.35,7.7,50,TRUE
7.13,7.25,25,TRUE
6.39,7.47,25,TRUE
7.96,7.2,25,TRUE
8.02,6.94,25,TRUE
7.88,19.1,0,FALSE
7.51,7.42,0,TRUE
6.14,7.53,25,TRUE
8.08,7.19,50,TRUE
8.43,7.69,50,TRUE
7.46,7.75,25,TRUE
6.71,7.41,0,TRUE
7.3,7.97,50,TRUE
6.6,7.89,25,TRUE
6.42,7.64,25,TRUE
7.74,7.59,50,TRUE
7.7,7.46,50,TRUE
6.67,6.55,0,TRUE
7.42,7.08,0,FALSE
7.07,7.19,25,TRUE
8.39,7.07,0,TRUE
7.63,7.85,25,TRUE
7.23,7.58,0,TRUE
7.03,6.92,50,TRUE
7.4,7.07,0,TRUE
7.73,6.63,25,TRUE
8.73,7.35,50,TRUE
7.84,6.67,25,TRUE
7.86,6.88,25,TRUE
7.87,6.76,50,TRUE
8.05,7.28,50,TRUE
7.17,7.91,25,FALSE
7.15,7.01,25,TRUE
8.06,7.03,0,TRUE
7.37,7,50,TRUE
7.06,7.48,0,TRUE
7.84,7.08,25,TRUE
7.94,6.66,0,TRUE
7.38,7.95,0,TRUE
7.87,6.6,50,TRUE
7.41,6.57,25,TRUE
8.28,7.61,50,TRUE
6.8,7.75,0,TRUE
8.23,7.01,0,TRUE
7.96,11.42,25,FALSE
6.64,6.63,25,TRUE
7.28,6.67,50,TRUE
8.88,7.51,50,TRUE
7.98,7.79,0,TRUE
6.76,6.92,25,TRUE
7.39,7.71,25,TRUE
8.68,6.81,50,TRUE
6.73,6.71,25,TRUE
7.61,7.47,0,TRUE
8.91,7.6,50,TRUE
7.18,6.75,25,TRUE
7.31,6.82,25,TRUE
7.87,10.3,25,FALSE
8.19,7.51,0,TRUE
7.4,6.52,50,TRUE
6.15,7.8,25,TRUE
7.95,6.89,50,TRUE
8.43,6.56,50,TRUE
7.17,7.6,50,TRUE
7.32,7.86,25,TRUE
8.35,7.46,50,TRUE
7.42,7.21,0,TRUE
8.41,7.11,0,TRUE
7.28,7.29,0,TRUE
7.89,6.63,25,TRUE
7.07,9.73,0,FALSE
7.7,6.95,25,TRUE
7.73,6.99,50,TRUE
7.43,6.8,0,TRUE
7.84,6.52,50,TRUE
8.08,7.94,0,TRUE
7.58,7.91,50,TRUE
8.87,7.55,50,TRUE
7.41,7.41,25,TRUE
7.19,6.84,25,TRUE
6.51,6.94,25,TRUE
6.65,6.73,25,TRUE
7.93,6.91,25,TRUE
7.22,7.15,50,FALSE
7.33,7.08,50,TRUE
7.97,6.87,0,TRUE
7.47,6.76,50,TRUE
6.83,6.99,25,TRUE
6.85,7.14,25,TRUE
8.94,7.89,50,TRUE
8.76,7.67,50,TRUE
8.1,7.08,50,TRUE
7.01,7.39,50,TRUE
7.46,7.51,50,TRUE
8.88,7.56,50,TRUE
6.64,7.31,0,TRUE
6.72,13.02,0,FALSE
8.19,7.37,50,TRUE
7.89,6.94,25,TRUE
7.93,6.99,25,TRUE
6.29,7.06,25,TRUE
8.09,7.22,25,TRUE
6.35,7.61,25,TRUE
7.11,7.6,50,TRUE
8.11,7.75,50,TRUE
7.38,7.99,50,TRUE
7.08,7.09,25,TRUE
7.77,6.83,0,TRUE
8.63,7.94,50,TRUE
13.93,7.27,25,FALSE
8.54,7.68,50,TRUE
8.88,7.31,50,TRUE
6.78,7.15,0,TRUE
8.29,7.46,0,TRUE
8.96,7.28,50,TRUE
7.76,7.07,50,TRUE
6.99,7.6,0,TRUE
7.75,7.72,0,TRUE
6.65,7.41,0,TRUE
6.52,6.66,0,TRUE
6.65,7.87,25,TRUE
8.9,7.49,50,TRUE
6.69,7.22,50,FALSE
8.31,7.04,50,TRUE
8.22,7.76,50,TRUE
8.05,7.45,25,TRUE
7.44,7.61,0,TRUE
7.89,7.2,50,TRUE
7.55,7.79,0,TRUE
8.06,6.92,0,TRUE
7.92,7.73,50,TRUE
8.72,7.63,50,TRUE
6.94,7.66,25,TRUE
7.53,7.71,0,TRUE
6.63,7.98,25,TRUE
7.39,7.59,50,FALSE
8.07,7.08,50,TRUE
6.81,7.63,0,TRUE
6.6,7.16,0,TRUE
7.96,7.53,0,TRUE
7.96,6.92,25,TRUE
7.48,6.86,25,TRUE
8.12,7.95,50,TRUE
7.49,6.61,50,TRUE
7.27,7.24,25,TRUE
8.5,6.58,0,TRUE
6.99,7.22,0,TRUE
7.43,6.69,0,TRUE
7.82,6.98,50,FALSE
8.97,7.75,50,TRUE
8.05,7.44,0,TRUE
6.73,6.86,0,TRUE
7.1,6.51,50,TRUE
6.93,7.51,0,TRUE
8.22,6.69,50,TRUE
7.21,7.4,50,TRUE
7.13,7.5,25,TRUE
6.69,7.57,25,TRUE
7.56,7.66,0,TRUE
7.44,7.53,0,TRUE
8,7.9,0,TRUE
7.6,6.87,25,FALSE
8.86,7.61,50,TRUE
7.38,7.9,50,TRUE
8.48,7.17,50,TRUE
7.82,7.8,25,TRUE
7.09,7.16,0,TRUE
8.18,7.25,0,TRUE
8.09,7.21,25,TRUE
8.11,7.33,0,TRUE
8.37,6.72,0,TRUE
7.2,6.74,50,TRUE
7.63,7.67,0,TRUE
8.2,7.02,50,TRUE
6.84,7.04,25,FALSE
6.94,7.48,0,TRUE
7.99,7.1,50,TRUE
7.25,7.7,50,TRUE
8.51,7.6,50,TRUE
8.66,6.9,50,TRUE
7.86,6.72,0,TRUE
6.65,7.22,0,TRUE
7.3,7.96,0,TRUE
8.7,7.03,50,TRUE
7.8,7.63,50,TRUE
7.02,7.16,0,TRUE
7.89,6.85,0,TRUE
7.14,7.02,25,FALSE
6.94,6.98,25,TRUE
6.6,7.71,25,TRUE
8.46,6.72,50,TRUE
6.64,7.32,0,TRUE
6.96,7.79,0,TRUE
8.74,7.21,50,TRUE
8.21,6.63,50,TRUE
8.21,6.74,50,TRUE
8.41,7.12,50,TRUE
8.52,7.55,50,TRUE
7.64,6.63,0,TRUE
7.57,7.04,25,TRUE
6.6,7.79,50,FALSE
7.1,7.47,25,TRUE
8.4,7.41,50,TRUE
8.69,7.93,50,TRUE
8.26,7.41,50,TRUE
7.02,7.98,0,TRUE
6.51,7.83,0,TRUE
8.2,7.5,0,TRUE
8.04,7.29,25,TRUE
6.13,7.59,25,TRUE
7.56,7.35,25,TRUE
8.35,7.61,50,TRUE
7.22,7.14,0,TRUE
7.28,6.7,50,FALSE
7.54,6.65,0,TRUE
7.7,7.51,0,TRUE
7.05,7.4,25,TRUE
7.56,7,0,TRUE
7.46,7.17,25,TRUE
6.43,7.08,25,TRUE
8.29,7.02,0,TRUE
8.17,7.14,50,TRUE
7.54,7.99,25,TRUE
7.27,7.22,0,TRUE
7.3,7.21,0,TRUE
7.33,7.51,50,TRUE
7.78,16.04,0,FALSE
7.1,7.39,0,TRUE
7.11,7.11,0,TRUE
8.26,6.94,50,TRUE
7.04,7.42,50,TRUE
8.15,7.88,0,TRUE
6.35,6.89,25,TRUE
8.15,7.76,50,TRUE
6.82,6.79,0,TRUE
7.83,7.02,50,TRUE
7.77,6.74,0,TRUE
7.76,7.08,50,TRUE
7.64,7.67,0,TRUE
6.8,12.27,25,FALSE
6.26,7.02,25,TRUE
8.03,6.79,0,TRUE
7.31,7.53,50,TRUE
7.64,7.29,0,TRUE
6.73,6.91,25,TRUE
7.49,6.68,0,TRUE
7.81,6.99,50,TRUE
7.25,7.54,25,TRUE
8.22,6.8,50,TRUE
7.48,6.52,25,TRUE
7.92,7.57,50,TRUE
6.47,7.23,25,TRUE
6.73,6.93,0,FALSE
8.25,6.58,0,TRUE
7.61,6.55,25,TRUE
6.35,7.32,25,TRUE
8.02,7.24,0,TRUE
8,7.24,25,TRUE
7.43,6.92,50,TRUE
8.18,6.7,0,TRUE
8.51,6.72,50,TRUE
8.37,6.99,50,TRUE
8.8,7.78,50,TRUE
6.83,7.72,0,TRUE
6.62,6.91,25,TRUE
7.98,7.78,50,FALSE
6.59,7.67,25,TRUE
8.34,7.69,0,TRUE
7.33,7.3,25,TRUE
8.18,7.05,50,TRUE
7.39,7.63,50,TRUE
7.73,7.08,50,TRUE
8.65,7.59,50,TRUE
7.64,7.81,50,TRUE
7.42,7.39,25,TRUE
6.49,7.54,25,TRUE
8.08,6.71,25,TRUE
7.16,6.67,25,TRUE
13.93,6.5,0,FALSE
7.47,7.09,0,TRUE
7.88,7.73,50,TRUE
7.08,6.89,50,TRUE
6.55,7.76,25,TRUE
8.17,7.14,50,TRUE
6.84,7.85,0,TRUE
8.24,6.65,50,TRUE
8.38,7.24,0,TRUE
6.62,7.7,25,TRUE
6.51,7,25,TRUE
6.64,7.99,25,TRUE
7.1,6.73,0,TRUE
12.2,7.79,0,FALSE
7.22,6.71,50,TRUE
7.4,7.63,0,TRUE
8.41,7.04,50,TRUE
8.41,7.11,0,TRUE
7.42,7.93,50,TRUE
7.91,7.19,0,TRUE
7.9,7.41,0,TRUE
8.27,7.12,0,TRUE
7.71,7.02,25,TRUE
7.39,6.57,25,TRUE
8.01,7.87,0,TRUE
8.83,7.31,50,TRUE
7.73,6.59,0,FALSE
6.42,7.27,25,TRUE
8.8,6.8,50,TRUE
8.14,7.6,0,TRUE
8.46,7.14,50,TRUE
8.94,6.66,50,TRUE
7.7,7.14,50,TRUE
7.94,7.33,50,TRUE
8.52,7.67,50,TRUE
7.36,7.12,50,TRUE
7.58,7.25,50,TRUE
7.95,6.98,0,TRUE
7.21,6.92,50,TRUE
6.93,7.99,50,FALSE
6.98,7.14,25,TRUE
8.08,7.67,25,TRUE
7.79,7.15,50,TRUE
8.71,6.54,50,TRUE
7.81,6.89,0,TRUE
7.79,6.97,25,TRUE
7.68,7.94,50,TRUE
7.98,6.81,0,TRUE
6.59,6.98,25,TRUE
7.81,7.55,25,TRUE
7.72,7.14,50,TRUE
7.98,6.83,0,TRUE
7.67,7.26,0,FALSE
6.25,7.23,25,TRUE
8.51,7.79,50,TRUE
8.79,6.88,50,TRUE
6.81,7.39,25,TRUE
6.57,7,0,TRUE
6.97,7.29,25,TRUE
7.98,7.95,25,TRUE
7.02,7.32,0,TRUE
7.49,7.12,25,TRUE
7.3,6.57,50,TRUE
7.18,7.81,0,TRUE
8.24,7.62,0,TRUE
7.82,7.52,0,FALSE
8,6.98,50,TRUE
7.78,7.16,50,TRUE
6.54,7.54,25,TRUE
6.75,7.93,25,TRUE
8.57,7.18,50,TRUE
8.43,6.8,0,TRUE
8.25,6.71,50,TRUE
6.43,7.71,25,TRUE
8.86,7.29,50,TRUE
8.56,7.03,50,TRUE
8.3,7.53,0,TRUE
7.11,7.57,50,TRUE
6.58,6.5,50,FALSE
7.4,7.12,0,TRUE
6.42,6.91,25,TRUE
6.13,7.22,25,TRUE
7.26,7.14,50,TRUE
6.53,7.93,25,TRUE
7.44,6.71,0,TRUE
7.88,6.86,50,TRUE
7.09,7.62,25,TRUE
6.55,7.12,0,TRUE
7.67,6.81,25,TRUE
7.29,7.72,50,TRUE
6.75,7.89,25,TRUE
6.68,10.89,50,FALSE
8.01,7.45,0,TRUE
8.22,7.89,50,TRUE
7.21,7.76,25,TRUE
8.07,6.54,0,TRUE
7.63,7.37,0,TRUE
8.95,6.85,50,TRUE
7.4,6.62,25,TRUE
6.91,7.71,25,TRUE
7.04,6.8,50,TRUE
7.22,7.22,50,TRUE
6.84,7.85,25,TRUE
6.6,7.04,25,TRUE
6.63,6.75,0,FALSE
7.86,7.32,50,TRUE
7.16,6.55,0,TRUE
7.81,7.33,50,TRUE
7.37,7.14,25,TRUE
7.92,7.95,25,TRUE
7.19,7.89,0,TRUE
7.74,7.4,50,TRUE
8.41,7.54,50,TRUE
7.39,7.57,50,TRUE
7.87,7.85,0,TRUE
7.5,7.2,25,TRUE
6.73,7.42,25,TRUE
6.6,7.2,50,FALSE
6.18,7.33,25,TRUE
8.68,6.97,50,TRUE
7.04,7.97,0,TRUE
6.69,7.34,0,TRUE
8.93,6.89,50,TRUE
7.34,7.92,0,TRUE
7,7.04,50,TRUE
7.02,7.88,50,TRUE
6.54,7.8,25,TRUE
8.09,7.07,50,TRUE
6.54,6.84,25,TRUE
8.34,7.39,0,TRUE
7.97,13.99,50,FALSE
6.82,7.83,25,TRUE
6.42,6.88,25,TRUE
6.36,7.47,25,TRUE
7.42,6.97,50,TRUE
8.13,6.88,50,TRUE
8.73,6.82,50,TRUE
7.93,7.57,25,TRUE
7.34,7.83,50,TRUE
6.29,7.42,25,TRUE
7.19,7.65,50,TRUE
7.85,7.3,25,TRUE
7.41,7.24,0,TRUE
9.92,7.2,0,FALSE
6.98,6.59,25,TRUE
7.69,6.91,0,TRUE
8.48,6.65,50,TRUE
8,6.92,0,TRUE
7.71,6.63,0,TRUE
7.89,7.41,50,TRUE
7.37,7.75,50,TRUE
8.05,6.51,0,TRUE
7.98,7.43,0,TRUE
7.01,7.87,50,TRUE
7.49,7.55,50,TRUE
8.58,7.14,50,TRUE
7.75,7.3,50,FALSE
7.57,6.92,50,TRUE
8.07,7.82,0,TRUE
8.03,6.97,0,TRUE
7.46,6.59,0,TRUE
8.56,7.57,50,TRUE
6.75,7.59,0,TRUE
7.61,7.15,0,TRUE
7.35,7.94,0,TRUE
7.58,6.98,25,TRUE
7.08,6.57,50,TRUE
7.16,7.65,50,TRUE
6.75,6.91,25,TRUE
7.17,14.54,0,FALSE
7.18,6.65,25,TRUE
7.73,6.81,50,TRUE
7.56,6.65,25,TRUE
7.55,6.9,25,TRUE
8.46,6.77,0,TRUE
7.23,7.83,0,TRUE
7.26,6.89,25,TRUE
8.87,7.77,50,TRUE
7.47,7.46,0,TRUE
7.27,7.31,50,TRUE
8.67,6.52,50,TRUE
7.51,7.48,0,TRUE
7.73,6.96,50,FALSE
7.62,7.86,50,TRUE
8.65,7.33,50,TRUE
7.35,7.54,50,TRUE
8.47,7.6,0,TRUE
8.25,6.59,0,TRUE
6.94,6.63,25,TRUE
8.25,7.07,50,TRUE
7.25,7.86,0,TRUE
6.75,6.68,25,TRUE
7.83,7.57,0,TRUE
7.97,6.61,50,TRUE
6.94,6.58,0,TRUE
7.06,7.12,50,FALSE
6.97,7.66,0,TRUE
6.63,6.81,25,TRUE
6.81,6.51,0,TRUE
8.52,7.94,50,TRUE
7.13,6.67,25,TRUE
7.1,7.27,25,TRUE
7.36,7.61,25,TRUE
7.48,6.66,25,TRUE
8.4,7.08,50,TRUE
8.2,6.76,0,TRUE
7.66,7.86,0,TRUE
7.52,6.82,25,TRUE
7.88,6.91,50,FALSE
6.68,7.12,25,TRUE
7.31,6.92,50,TRUE
7.42,7.72,50,TRUE
8.05,6.82,25,TRUE
8.21,7.01,0,TRUE
7.35,7.3,0,TRUE
6.56,7.06,0,TRUE
7.01,7.91,25,TRUE
7.62,7.88,0,TRUE
7.23,7.19,25,TRUE
7.87,7.81,50,TRUE
8.62,7.74,50,TRUE
12.18,7.9,50,FALSE
6.81,7.2,0,TRUE
6.64,6.54,25,TRUE
7.05,7.81,0,TRUE
8.02,6.56,25,TRUE
8.4,7.68,0,TRUE
7.54,7.02,50,TRUE
7.7,7.58,0,TRUE
6.55,7.48,25,TRUE
8.86,7.97,50,TRUE
7.98,7.7,25,TRUE
7.59,7.2,0,TRUE
7.15,7.2,25,TRUE
10.9,6.93,25,FALSE
6.98,6.59,50,TRUE
7.17,7.32,25,TRUE
7.22,6.8,25,TRUE
7.01,6.77,50,TRUE
6.85,7.02,25,TRUE
8.2,6.75,50,TRUE
6.86,6.91,0,TRUE
6.37,7.8,25,TRUE
7.1,7.68,25,TRUE
8.43,7.96,0,TRUE
7.07,7.56,0,TRUE
6.88,6.63,25,TRUE
7.4,6.68,25,FALSE
7.67,7.91,0,TRUE
8.49,7.58,50,TRUE
6.78,6.57,0,TRUE
7.88,7.84,0,TRUE
7.85,7.31,0,TRUE
8.53,7.38,50,TRUE
8.44,7.35,50,TRUE
7.45,6.97,25,TRUE
8.02,7.06,25,TRUE
8.2,7.27,0,TRUE
6.34,7.84,25,TRUE
8.85,7.87,50,TRUE
9.53,7.8,0,FALSE
6.98,8,25,TRUE
7.08,6.92,25,TRUE
7.59,6.59,25,TRUE
6.26,7.64,25,TRUE
8.31,6.94,0,TRUE
7.03,6.69,0,TRUE
6.59,7.58,0,TRUE
6.95,7.81,0,TRUE
6.65,7.87,25,TRUE
7.18,7.97,0,TRUE
7.64,7.74,0,TRUE
7.53,7.96,0,TRUE
7.51,7.26,0,FALSE
7.18,6.52,0,TRUE
8.13,7.55,0,TRUE
8.44,7.68,50,TRUE
7.66,7.7,0,TRUE
6.63,6.67,0,TRUE
8.6,6.97,50,TRUE
8.54,7.43,50,TRUE
7.65,7.88,25,TRUE
6.89,7.63,0,TRUE
6.89,7.18,0,TRUE
8.1,6.76,25,TRUE
6.62,7.93,0,TRUE
7.68,7.28,25,FALSE
8.34,7.25,0,TRUE
8.59,7.29,50,TRUE
7.88,7.58,25,TRUE
7.7,6.54,50,TRUE
7.9,7.85,0,TRUE
8.96,6.67,50,TRUE
8.12,6.68,0,TRUE
7.28,7.12,50,TRUE
6.55,7.11,25,TRUE
7.69,6.83,50,TRUE
6.72,6.53,0,TRUE
8.44,6.53,50,TRUE
6.51,7.31,0,FALSE
8.25,7.65,0,TRUE
7.92,7.44,25,TRUE
7.5,7.04,0,TRUE
7.35,6.93,0,TRUE
6.53,7.01,0,TRUE
6.53,6.78,25,TRUE
6.4,6.97,25,TRUE
7.5,7.88,25,TRUE
8.68,6.95,50,TRUE
7.63,7.54,0,TRUE
7.71,7.25,0,TRUE
7.7,7.53,50,TRUE
6.95,16.84,0,FALSE
6.83,6.7,0,TRUE
7.54,7.02,0,TRUE
7.6,8,25,TRUE
8.57,7.81,50,TRUE
8.95,7.78,50,TRUE
7.54,6.75,25,TRUE
7.41,7.88,50,TRUE
8.22,6.93,50,TRUE
7.96,6.74,0,TRUE
7.35,6.77,50,TRUE
6.69,7.43,25,TRUE
6.89,7.78,0,TRUE
12.75,7.68,0,FALSE
8.33,6.82,0,TRUE
7.13,7.18,25,TRUE
6.78,6.66,0,TRUE
7.05,7.43,25,TRUE
8.02,7.69,50,TRUE
6.96,7.83,0,TRUE
8.35,7.49,50,TRUE
7.07,7.83,25,TRUE
7.79,7.56,50,TRUE
8.5,7.67,0,TRUE
8.94,6.6,50,TRUE
6.61,7.75,25,TRUE
7.72,8,50,FALSE
6.29,7.69,25,TRUE
7.7,7.94,0,TRUE
7.89,6.94,25,TRUE
6.97,7.83,25,TRUE
7.43,7.87,50,TRUE
6.23,7.47,25,TRUE
6.5,7.92,25,TRUE
6.34,7.69,25,TRUE
7.06,7.52,50,TRUE
7.95,6.9,25,TRUE
7.18,7.71,25,TRUE
7.96,6.75,50,TRUE
12.09,7.27,25,FALSE
7.94,7.85,25,TRUE
8.39,7.44,50,TRUE
7.33,6.63,25,TRUE
7.31,6.66,50,TRUE
6.1,7.17,25,TRUE
6.27,6.95,25,TRUE
7.79,7.3,0,TRUE
8.79,6.69,50,TRUE
7.04,7.07,0,TRUE
7.95,7.92,0,TRUE
6.61,7.29,25,TRUE
7.9,6.54,25,TRUE
7.3,6.64,25,FALSE
7.57,6.82,50,TRUE
6.33,7.66,25,TRUE
7.02,7.5,0,TRUE
6.78,7.93,0,TRUE
6.31,7.75,25,TRUE
7.16,6.73,25,TRUE
6.39,7.8,25,TRUE
7.26,7.32,25,TRUE
7.51,7.89,25,TRUE
8.36,7.11,0,TRUE
7.24,7.69,50,TRUE
8.02,6.97,50,TRUE
7.11,6.89,25,FALSE
8.93,6.64,50,TRUE
8.42,7.5,50,TRUE
6.54,7.12,25,TRUE
7.31,7.55,25,TRUE
7.26,7.41,25,TRUE
6.63,7.22,0,TRUE
7.6,7.11,25,TRUE
7.37,6.52,50,TRUE
6.5,7.51,0,TRUE
7.09,6.89,0,TRUE
7.78,7.48,50,TRUE
7.22,6.82,25,TRUE
6.77,16.82,50,FALSE
7.36,7.45,0,TRUE
8.03,7.69,0,TRUE
7.89,6.87,0,TRUE
7.49,7.48,0,TRUE
7.96,6.71,50,TRUE
6.84,7.22,0,TRUE
7.8,7.92,25,TRUE
6.99,7.38,50,TRUE
8.72,7.24,50,TRUE
7,6.83,50,TRUE
7.93,7.8,25,TRUE
7.41,7.31,0,TRUE
7.55,7.94,50,FALSE
6.4,6.8,25,TRUE
7.4,6.59,0,TRUE
6.49,6.88,25,TRUE
7.59,7.62,0,TRUE
7.69,7.56,50,TRUE
7.39,7.66,25,TRUE
8.31,6.89,0,TRUE
7.45,7.61,0,TRUE
6.27,6.67,25,TRUE
6.55,6.75,25,TRUE
7.85,7.44,0,TRUE
6.51,6.89,25,TRUE
7.32,6.58,50,FALSE
7.06,7.14,0,TRUE
7.83,7.59,50,TRUE
7.54,6.53,0,TRUE
6.96,6.97,25,TRUE
7.49,7.93,50,TRUE
8.59,6.63,50,TRUE
7.6,7.73,0,TRUE
7.76,7.53,0,TRUE
8.55,7.51,50,TRUE
8.39,6.69,50,TRUE
6.17,7.91,25,TRUE
7.28,6.75,50,TRUE
9.73,7.08,0,FALSE
6.86,7.93,0,TRUE
7.25,7.4,0,TRUE
7.4,6.69,50,TRUE
8.07,7.9,0,TRUE
7.85,7.14,25,TRUE
8,6.88,50,TRUE
7.64,6.57,50,TRUE
6.57,7.61,0,TRUE
7.75,7.52,50,TRUE
8.93,7.79,50,TRUE
6.94,7.36,0,TRUE
8.87,7.97,50,TRUE
6.85,7.35,50,FALSE
8.45,7.27,0,TRUE
7.89,7.03,25,TRUE
7.25,6.88,50,TRUE
6.57,7.76,25,TRUE
8.02,6.84,50,TRUE
6.63,7.83,0,TRUE
7.09,7,50,TRUE
7.76,6.7,25,TRUE
7.28,7.8,25,TRUE
6.89,7.68,0,TRUE
7.86,7.75,50,TRUE
7.05,7.23,0,TRUE
7.17,16.13,50,FALSE
7.6,6.9,50,TRUE
8.1,7.27,50,TRUE
8.07,7.21,25,TRUE
6.6,6.51,0,TRUE
8.33,6.85,0,TRUE
8.19,7.65,0,TRUE
8.05,7.34,25,TRUE
8.62,7.85,50,TRUE
8.32,7.02,50,TRUE
6.44,7.7,25,TRUE
7.07,7.63,50,TRUE
7.15,7.77,50,TRUE
6.99,7.98,0,FALSE
8.09,6.6,0,TRUE
8.95,7.15,50,TRUE
6.68,7.48,25,TRUE
8.85,6.51,50,TRUE
7.94,7.24,25,TRUE
7.83,6.78,50,TRUE
7.57,6.82,0,TRUE
7.33,7.41,25,TRUE
8.06,7.1,50,TRUE
7.19,7.51,25,TRUE
8.84,6.98,50,TRUE
7.77,7.38,50,TRUE
7.59,14.12,50,FALSE
8.33,7.23,50,TRUE
7.04,6.71,50,TRUE
8.62,6.96,50,TRUE
6.71,6.68,25,TRUE
7.74,6.9,50,TRUE
7,7.47,50,TRUE
8.84,6.92,50,TRUE
6.9,6.72,0,TRUE
7.62,7.9,50,TRUE
7.04,7.06,25,TRUE
8.77,6.54,50,TRUE
7.82,7.62,0,TRUE
7.21,6.52,25,FALSE
7.6,7.49,0,TRUE
7.13,6.57,50,TRUE
8.84,7.08,50,TRUE
8.22,7.06,50,TRUE
7.62,6.86,50,TRUE
8.02,7.99,50,TRUE
7.88,7.94,25,TRUE
7.8,7.47,50,TRUE
7.27,6.89,50,TRUE
8.5,7.32,0,TRUE
8.82,7.7,50,TRUE
7.5,7.73,50,TRUE
12.2,6.79,25,FALSE
7.88,7.57,50,TRUE
7.53,6.92,50,TRUE
8.36,7.5,0,TRUE
8.5,7.92,50,TRUE
7.91,6.82,50,TRUE
8.68,7.02,50,TRUE
6.74,6.89,0,TRUE
7.45,7.19,50,TRUE
8.43,6.93,50,TRUE
6.76,7.32,25,TRUE
7.97,7.55,50,TRUE
7.88,6.9,50,TRUE
6.91,7.12,0,FALSE
6.28,7.37,25,TRUE
7.9,6.7,25,TRUE
6.63,7.83,0,TRUE
7.24,7.95,25,TRUE
7.97,6.54,25,TRUE
8.88,6.57,50,TRUE
7.38,6.86,25,TRUE
7.94,6.77,25,TRUE
7.01,7.79,0,TRUE
7.53,7.86,25,TRUE
6.63,7.56,25,TRUE
7.13,7.18,25,TRUE
6.5,7.79,50,FALSE
6.69,7.8,25,TRUE
8.77,7.2,50,TRUE
7.93,7.48,50,TRUE
7.36,7.26,50,TRUE
7.47,6.8,0,TRUE
6.23,7.26,25,TRUE
7.22,7.81,50,TRUE
7.54,7,25,TRUE
7.74,7.74,50,TRUE
8.69,7.93,50,TRUE
7.93,7.14,50,TRUE
8.21,6.64,50,TRUE
7.73,7.83,25,FALSE
6.76,6.84,25,TRUE
7.56,7.24,50,TRUE
8.18,7.98,50,TRUE
6.56,7.11,0,TRUE
7.9,7.22,0,TRUE
7.27,6.89,50,TRUE
7.5,7.06,25,TRUE
7.28,7.82,25,TRUE
7.65,6.84,0,TRUE
7.19,7.46,0,TRUE
7.76,7.26,0,TRUE
7.64,7.04,0,TRUE
6.69,11.41,0,FALSE
8.17,7.22,50,TRUE
6.9,7.94,0,TRUE
8.46,6.52,0,TRUE
6.95,6.58,0,TRUE
8.07,6.59,25,TRUE
6.68,6.79,25,TRUE
6.79,7.81,25,TRUE
7.92,7.97,0,TRUE
7.2,7.7,50,TRUE
6.14,7.86,25,TRUE
6.53,6.67,25,TRUE
7.71,6.75,0,TRUE
6.95,6.84,50,FALSE
8.13,6.75,0,TRUE
7.11,7.33,50,TRUE
6.18,7.35,25,TRUE
7.87,7.39,25,TRUE
7.32,6.9,25,TRUE
8.2,7.36,50,TRUE
7.57,6.99,25,TRUE
8.42,7.15,0,TRUE
8.05,7.75,0,TRUE
8.11,6.96,50,TRUE
7.29,6.68,50,TRUE
7.97,6.63,50,TRUE
7.25,6.61,50,FALSE
7.71,6.93,0,TRUE
8.32,6.57,50,TRUE
8.12,7.19,50,TRUE
8.34,7,0,TRUE
7.05,7.16,25,TRUE
6.25,6.91,25,TRUE
7.9,7.37,25,TRUE
6.98,7.07,0,TRUE
7,6.85,50,TRUE
6.96,7.88,25,TRUE
6.62,7.52,25,TRUE
7.86,7.01,0,TRUE
11.5,6.88,0,FALSE
8.02,7.94,0,TRUE
8.07,7.65,0,TRUE
8.78,6.79,50,TRUE
6.37,7.1,25,TRUE
8.15,7.86,50,TRUE
7,6.62,0,TRUE
7.1,6.97,50,TRUE
8.09,6.88,0,TRUE
6.17,7.52,25,TRUE
8.23,6.52,50,TRUE
8.05,7.07,50,TRUE
7.86,7.22,25,TRUE
7.56,6.77,50,FALSE
7.37,7.49,25,TRUE
7.03,7.82,25,TRUE
7.81,7.9,50,TRUE
6.2,6.64,25,TRUE
8.9,7.05,50,TRUE
6.68,6.71,25,TRUE
8.14,7.79,0,TRUE
6.58,6.59,25,TRUE
6.87,6.81,0,TRUE
7.79,7.58,50,TRUE
7.59,7.44,50,TRUE
7.66,7.46,25,TRUE
7.12,19.45,0,FALSE
6.81,6.72,25,TRUE
7.55,6.65,50,TRUE
6.42,6.86,25,TRUE
8.5,7.68,50,TRUE
6.9,7.91,25,TRUE
7.73,7.85,0,TRUE
8.43,7.84,0,TRUE
6.73,7.95,25,TRUE
6.99,7.13,50,TRUE
7,7.13,0,TRUE
8.5,6.67,0,TRUE
8.17,7.19,0,TRUE
6.79,7.19,50,FALSE
8.9,6.74,50,TRUE
7.48,7.74,0,TRUE
7.06,7.31,0,TRUE
7.96,7.71,0,TRUE
7.76,7.37,50,TRUE
7.42,7.73,25,TRUE
7.26,7.17,0,TRUE
8.13,7.32,50,TRUE
7.68,7.22,0,TRUE
7.9,7.59,0,TRUE
7.88,7.1,25,TRUE
7.06,7.33,50,TRUE
7.78,7.6,25,FALSE
7.84,7.12,25,TRUE
7.2,7.23,25,TRUE
6.81,7.1,0,TRUE
7.47,7.56,25,TRUE
7.59,7.77,0,TRUE
8.27,6.78,0,TRUE
7.59,7.33,0,TRUE
6.5,6.6,25,TRUE
7.57,7.58,25,TRUE
6.1,7.03,25,TRUE
6.87,6.96,0,TRUE
8.13,7.5,50,TRUE
7.03,7.05,25,FALSE
6.88,6.68,25,TRUE
6.14,6.79,25,TRUE
8.1,7.22,0,TRUE
7.98,7.9,0,TRUE
8.91,7.95,50,TRUE
8.85,7.9,50,TRUE
8.36,6.53,0,TRUE
7.43,7.48,50,TRUE
7.46,6.59,0,TRUE
6.22,6.86,25,TRUE
7.25,7.74,50,TRUE
7.46,7.51,50,TRUE
10.13,7.57,25,FALSE
7.06,6.52,25,TRUE
6.72,7.86,25,TRUE
6.17,7.72,25,TRUE
6.61,6.85,0,TRUE
8.08,7.45,0,TRUE
7.51,7.92,50,TRUE
7.7,6.58,50,TRUE
7.67,7.45,25,TRUE
6.15,7.63,25,TRUE
7.39,6.78,0,TRUE
6.59,7,25,TRUE
7.57,7.4,50,TRUE
7.36,7.8,25,FALSE
6.86,7.99,25,TRUE
7.55,6.56,0,TRUE
6.97,7.43,25,TRUE
7.84,7.29,50,TRUE
7.46,7.31,50,TRUE
7.14,6.81,0,TRUE
6.72,7.38,0,TRUE
6.88,7.06,25,TRUE
7.97,7.53,50,TRUE
6.53,7.6,0,TRUE
7.64,6.58,25,TRUE
6.54,7.61,0,TRUE
6.84,6.77,25,FALSE
8.32,7.88,50,TRUE
8.15,7.76,50,TRUE
7.31,7.08,50,TRUE
8.06,7.43,50,TRUE
7.01,6.95,25,TRUE
8.25,7.6,50,TRUE
8.96,7.98,50,TRUE
7.29,7.67,50,TRUE
7.11,7.14,50,TRUE
8.36,6.54,0,TRUE
8.27,6.51,50,TRUE
7.92,7.26,25,TRUE
7.53,7.66,50,FALSE
6.24,7.08,25,TRUE
6.51,6.95,25,TRUE
7.58,7.17,0,TRUE
7.78,6.62,25,TRUE
7.52,6.68,25,TRUE
7.96,7.36,25,TRUE
7.35,7.56,50,TRUE
6.83,7.09,25,TRUE
7.29,6.53,50,TRUE
7.32,6.65,50,TRUE
7.84,6.9,50,TRUE
7.38,7.54,25,TRUE
10.32,7.87,50,FALSE
8.55,7.1,50,TRUE
7.05,6.87,50,TRUE
7.94,7.89,0,TRUE
7.76,7.7,25,TRUE
7.17,7.42,50,TRUE
6.99,7.76,0,TRUE
6.35,7.63,25,TRUE
8.37,7.41,0,TRUE
7.78,7.05,25,TRUE
7.23,7.98,0,TRUE
6.57,7.56,0,TRUE
7.8,6.74,50,TRUE
9.76,7.47,0,FALSE
7.53,7.03,0,TRUE
6.55,7.22,25,TRUE
7.38,6.82,50,TRUE
7.67,7.12,50,TRUE
6.99,7.24,0,TRUE
7.12,7.03,25,TRUE
8.45,6.52,50,TRUE
7.11,7.03,0,TRUE
8.88,7.28,50,TRUE
7.45,6.75,25,TRUE
7.44,6.68,50,TRUE
7.34,6.99,25,TRUE
10.52,7.28,25,FALSE
7.91,7.76,25,TRUE
8.53,7.33,50,TRUE
7.86,6.63,25,TRUE
8.14,7.31,0,TRUE
6.81,7.87,25,TRUE
7.22,6.92,50,TRUE
7.08,6.88,25,TRUE
8.43,6.83,0,TRUE
6.62,6.94,0,TRUE
7.59,7.46,0,TRUE
8.49,7.13,0,TRUE
7.79,7.98,50,TRUE
6.79,16.05,25,FALSE
8.55,7.99,50,TRUE
8.43,6.52,50,TRUE
6.57,7.48,0,TRUE
8.26,6.78,50,TRUE
8.1,7.79,0,TRUE
7.82,7.01,25,TRUE
6.88,6.66,25,TRUE
7.04,7.63,50,TRUE
7.93,7.51,25,TRUE
7.59,6.71,50,TRUE
6.58,7.68,25,TRUE
8.19,7.71,0,TRUE
7.69,7.42,0,FALSE
7.36,7.07,50,TRUE
8.17,7.24,0,TRUE
7.95,6.91,50,TRUE
7.53,6.72,50,TRUE
7.53,7.52,0,TRUE
7.38,6.68,0,TRUE
8.65,6.58,50,TRUE
8.3,7.16,50,TRUE
7.04,7.12,0,TRUE
7.83,7.9,50,TRUE
6.33,7.61,25,TRUE
7.64,7.9,50,TRUE
6.97,6.91,50,FALSE
8.07,7.56,25,TRUE
6.73,6.59,25,TRUE
6.59,6.59,0,TRUE
7.49,7.85,25,TRUE
6.7,6.66,25,TRUE
7.7,6.73,25,TRUE
8.77,7.01,50,TRUE
7.73,7.48,50,TRUE
6.47,7.15,25,TRUE
6.77,6.73,25,TRUE
8.07,7.26,50,TRUE
7.56,6.97,0,TRUE
7.59,7.2,25,FALSE
7.85,6.67,50,TRUE
7.57,6.67,25,TRUE
7.78,6.63,25,TRUE
7.5,6.63,0,TRUE
6.57,7.25,25,TRUE
6.94,7.38,0,TRUE
7.23,6.99,50,TRUE
6.99,7.66,25,TRUE
7.3,6.83,0,TRUE
6.75,6.9,25,TRUE
6.25,7.3,25,TRUE
7.15,7.39,0,TRUE
7.31,6.77,25,FALSE
8.04,7.48,25,TRUE
6.3,6.94,25,TRUE
6.85,7.54,0,TRUE
7.37,7.66,0,TRUE
8.16,7.11,0,TRUE
8.06,7.51,25,TRUE
6.17,7.69,25,TRUE
7.76,6.72,0,TRUE
7.45,6.93,0,TRUE
7.77,6.92,25,TRUE
6.84,7.21,25,TRUE
8.18,7.47,0,TRUE
11.66,7.11,25,FALSE
8.01,7.38,0,TRUE
7.54,6.55,0,TRUE
6.91,6.9,0,TRUE
7.19,7.49,50,TRUE
6.88,7.13,25,TRUE
7.86,6.71,50,TRUE
6.82,6.86,25,TRUE
7.66,6.57,0,TRUE
8.04,6.8,25,TRUE
7.12,7.77,0,TRUE
8.06,6.9,50,TRUE
6.7,6.85,0,TRUE
7.92,6.81,0,FALSE
7.07,6.89,0,TRUE
8.57,6.71,50,TRUE
6.93,7.06,0,TRUE
6.14,7.04,25,TRUE
6.88,7.87,25,TRUE
6.68,7.8,0,TRUE
7.17,7.1,0,TRUE
6.7,7.92,0,TRUE
8.06,7.3,0,TRUE
8.47,7.97,0,TRUE
6.99,7.21,25,TRUE
6.87,7.18,0,TRUE
7.86,6.97,25,FALSE
7.48,7.27,0,TRUE
8.05,7.8,0,TRUE
7.79,7.85,0,TRUE
6.85,6.82,25,TRUE
8.78,7.07,50,TRUE
6.67,7.98,0,TRUE
8.04,7.14,25,TRUE
7.91,7.16,0,TRUE
6.93,6.7,25,TRUE
8.44,7.18,0,TRUE
7.76,6.81,25,TRUE
7.31,7.3,0,TRUE
12.85,6.71,50,FALSE
7.05,6.65,50,TRUE
8.22,7.37,0,TRUE
7.63,7,50,TRUE
6.68,7.27,25,TRUE
7.32,7.16,25,TRUE
7.95,7.14,25,TRUE
8.21,6.53,50,TRUE
7.26,6.69,25,TRUE
7.8,7.91,50,TRUE
6.8,6.81,25,TRUE
8.52,7.48,50,TRUE
6.7,6.64,25,TRUE
6.54,6.67,25,FALSE
8.03,6.71,0,TRUE
6.53,6.99,25,TRUE
8.86,7.54,50,TRUE
7.83,7.74,25,TRUE
7.01,7.87,50,TRUE
8.02,6.74,0,TRUE
7,6.62,25,TRUE
7.41,7.24,25,TRUE
8.54,7.16,50,TRUE
7.03,6.92,25,TRUE
7.9,7.76,25,TRUE
7.92,7.11,0,TRUE
7.39,6.82,50,FALSE
6.55,7.78,0,TRUE
7.88,7.34,0,TRUE
8.22,7.87,0,TRUE
6.69,6.79,0,TRUE
8.39,7.35,0,TRUE
8.12,6.96,50,TRUE
7.88,7.8,50,TRUE
6.88,7.93,0,TRUE
7.29,6.56,50,TRUE
7.23,6.59,25,TRUE
7.66,7,50,TRUE
6.81,7.49,0,TRUE
7.35,7.03,50,FALSE
7.14,7.61,50,TRUE
7.48,7.31,0,TRUE
6.94,6.91,25,TRUE
7.66,6.84,25,TRUE
8.01,6.83,25,TRUE
7.44,6.69,50,TRUE
7.42,7.21,25,TRUE
8.88,6.75,50,TRUE
8.12,7.09,50,TRUE
8.03,6.82,50,TRUE
7.49,7.88,0,TRUE
7.39,7.09,50,TRUE
7.58,7.18,25,FALSE
8.89,6.57,50,TRUE
7.75,7.12,25,TRUE
8.01,7.5,0,TRUE
8.6,7.98,50,TRUE
7.48,7.05,50,TRUE
6.71,7.75,0,TRUE
7.37,7.08,25,TRUE
8.04,6.67,50,TRUE
6.47,7.04,25,TRUE
7.4,6.93,0,TRUE
7.69,7.52,50,TRUE
7.42,7.26,0,TRUE
7.32,7.01,25,FALSE
8.32,7.98,50,TRUE
8.26,6.52,0,TRUE
8.01,7.48,50,TRUE
8.34,7.43,0,TRUE
8.08,6.72,0,TRUE
8.03,7.69,0,TRUE
7.6,6.72,50,TRUE
7.9,6.95,0,TRUE
8.08,6.97,50,TRUE
6.56,7.62,0,TRUE
8.47,7.67,0,TRUE
7.04,6.5,0,TRUE
6.95,7.71,50,FALSE
7.31,7.75,25,TRUE
7.62,6.56,50,TRUE
6.99,6.69,0,TRUE
8.2,7.4,0,TRUE
8.89,7.27,50,TRUE
6.65,7.91,25,TRUE
7.66,6.86,25,TRUE
8.6,7.58,50,TRUE
8.24,6.66,0,TRUE
7.81,6.5,50,TRUE
7.03,6.56,0,TRUE
7.39,6.78,50,TRUE
7.22,7.22,50,FALSE
7.83,7.99,0,TRUE
8.58,6.82,50,TRUE
7.21,7.3,50,TRUE
8.12,7.09,0,TRUE
7.71,7.46,50,TRUE
7.97,6.73,25,TRUE
8.22,7.07,50,TRUE
6.91,7.88,0,TRUE
7.91,7.89,25,TRUE
7.37,7.86,25,TRUE
7.63,7.35,50,TRUE
7.89,7.42,50,TRUE
7.96,7.69,0,FALSE
8.47,6.93,0,TRUE
6.31,7.33,25,TRUE
7.28,6.82,25,TRUE
6.92,6.73,0,TRUE
8.35,7.61,50,TRUE
6.83,6.59,0,TRUE
7.63,7.81,0,TRUE
6.91,6.87,0,TRUE
7.86,7.57,25,TRUE
6.38,7.91,25,TRUE
7.63,7.01,0,TRUE
7.63,6.92,0,TRUE
7.82,18.49,0,FALSE
6.76,7.53,25,TRUE
8.8,6.96,50,TRUE
7.3,6.81,0,TRUE
6.73,6.51,25,TRUE
7.27,7.83,0,TRUE
7.66,7.1,0,TRUE
7.27,7.63,50,TRUE
7.28,6.77,0,TRUE
7.87,7.62,25,TRUE
6.2,7.39,25,TRUE
7.09,7.53,25,TRUE
7.97,7.26,50,TRUE
7.02,7.93,25,FALSE
7.2,7.46,25,TRUE
6.49,6.89,25,TRUE
8.31,7.47,0,TRUE
7.25,7.38,0,TRUE
7.08,7.5,0,TRUE
8.34,7.78,0,TRUE
6.26,6.68,25,TRUE
6.89,6.84,25,TRUE
7.17,7.29,0,TRUE
7.22,6.73,25,TRUE
7.27,7.89,50,TRUE
8.76,6.84,50,TRUE
13.39,7.82,25,FALSE
6.84,7.89,0,TRUE
7.52,7.25,50,TRUE
8.05,7.07,50,TRUE
7.67,7.8,0,TRUE
7.59,7.3,25,TRUE
7.87,7.54,0,TRUE
8.5,7.01,50,TRUE
6.97,6.51,0,TRUE
8.29,7.57,50,TRUE
8.76,6.96,50,TRUE
7.12,6.91,25,TRUE
7.38,7.9,0,TRUE
6.75,7.26,0,FALSE
8.57,7.32,50,TRUE
7.25,7.03,0,TRUE
7.78,7.45,25,TRUE
6.29,6.9,25,TRUE
7.66,6.96,0,TRUE
6.46,7.23,25,TRUE
7.31,7,50,TRUE
8.48,7.74,50,TRUE
7.69,7.74,25,TRUE
6.32,7.52,25,TRUE
7.23,7.17,0,TRUE
8.26,6.8,0,TRUE
6.9,6.63,50,FALSE
7.22,7.42,0,TRUE
7.86,7.17,0,TRUE
6.5,6.63,25,TRUE
6.86,7.97,25,TRUE
7.3,6.91,25,TRUE
7.71,6.59,25,TRUE
7.48,7.83,0,TRUE
7.28,7.07,25,TRUE
6.89,7.17,25,TRUE
8.06,7.27,0,TRUE
6.58,6.52,0,TRUE
6.18,7.16,25,TRUE
7.9,6.9,0,FALSE
8.59,7.04,50,TRUE
6.58,7.05,25,TRUE
7.32,7.81,0,TRUE
7.7,7.65,25,TRUE
7.31,7.13,25,TRUE
7.04,7.57,25,TRUE
7.35,7.96,0,TRUE
7.34,7.26,0,TRUE
7.63,7.99,25,TRUE
7.57,7.18,25,TRUE
7.84,7.87,0,TRUE
8.18,7.61,0,TRUE
6.98,10.03,0,FALSE
7.05,6.84,25,TRUE
7.6,7.55,25,TRUE
8.87,6.79,50,TRUE
7.26,7.19,0,TRUE
7.01,6.99,50,TRUE
7.32,7.69,25,TRUE
7.8,7.18,50,TRUE
7.23,6.97,0,TRUE
6.19,8,25,TRUE
7.64,7.54,0,TRUE
6.74,7.92,0,TRUE
7.83,7.59,50,TRUE
7.86,10.12,0,FALSE
7.9,7.4,0,TRUE
8.28,7.59,50,TRUE
7.49,7.48,50,TRUE
7.62,6.56,0,TRUE
6.86,6.89,0,TRUE
6.58,7.65,0,TRUE
8.33,6.5,50,TRUE
7.47,7.68,0,TRUE
7.86,7.99,25,TRUE
6.85,6.74,0,TRUE
7.78,7.56,50,TRUE
8.55,7.26,50,TRUE
7.53,6.78,25,FALSE
6.82,6.61,0,TRUE
7.69,6.89,0,TRUE
8.56,6.6,50,TRUE
7.27,7.87,0,TRUE
7.08,7.14,25,TRUE
6.27,7.62,25,TRUE
8.39,7.75,0,TRUE
7.89,6.92,0,TRUE
6.86,6.5,25,TRUE
8.02,7.33,50,TRUE
6.26,6.63,25,TRUE
6.7,7.66,0,TRUE
7.74,7.19,50,FALSE
6.78,6.54,0,TRUE
7.82,7.88,50,TRUE
7.81,6.71,0,TRUE
8.53,6.97,50,TRUE
7.54,7.05,0,TRUE
7.57,7.5,0,TRUE
6.47,7.36,25,TRUE
7.63,7.96,0,TRUE
6.61,7.63,0,TRUE
7.42,6.58,50,TRUE
7.02,6.74,25,TRUE
7.19,7.91,0,TRUE
6.85,12.56,25,FALSE
8.86,6.52,50,TRUE
8.32,7.09,0,TRUE
7.2,7.09,50,TRUE
8.33,7.34,50,TRUE
8.45,6.93,50,TRUE
7.88,7.78,0,TRUE
8.19,6.76,50,TRUE
7.71,7.27,25,TRUE
8.61,6.64,50,TRUE
7.46,7.97,0,TRUE
7.7,6.75,0,TRUE
6.58,7.68,25,TRUE
7.92,7.34,50,FALSE
8.96,7.59,50,TRUE
7.07,7.95,0,TRUE
8.82,6.62,50,TRUE
7.04,7.76,50,TRUE
6.8,6.92,25,TRUE
6.26,6.71,25,TRUE
8.38,7.63,0,TRUE
6.6,6.9,25,TRUE
8.18,7.34,50,TRUE
7.83,6.98,25,TRUE
7.06,7.44,25,TRUE
8.91,7.55,50,TRUE
7.32,15.32,50,FALSE
7.07,6.73,50,TRUE
7.44,6.98,50,TRUE
7.26,7.35,0,TRUE
7.94,7.68,50,TRUE
8.05,6.63,0,TRUE
7.61,7.86,0,TRUE
8.35,7.11,50,TRUE
7.54,6.97,0,TRUE
7.62,7.47,25,TRUE
8.51,7.81,50,TRUE
8.85,7.86,50,TRUE
8.44,6.96,50,TRUE
7.72,7.35,50,FALSE
8.52,7.75,50,TRUE
7.32,7.53,25,TRUE
7.49,7.09,50,TRUE
6.85,6.93,25,TRUE
8.74,7.57,50,TRUE
8.95,7.4,50,TRUE
8.05,6.84,50,TRUE
8.07,7.07,25,TRUE
7.42,7.28,0,TRUE
7.41,6.95,0,TRUE
7.17,6.68,0,TRUE
7.64,6.9,25,TRUE
11.7,7.53,50,FALSE
8.44,6.58,50,TRUE
7.51,7.53,0,TRUE
7.63,7.54,0,TRUE
7.36,7.77,0,TRUE
7.82,7.67,0,TRUE
8.63,7.12,50,TRUE
7.12,7.82,0,TRUE
7.5,6.7,25,TRUE
6.86,7.94,0,TRUE
6.77,7.9,0,TRUE
6.93,7.4,25,TRUE
6.58,6.59,0,TRUE
7.15,7.35,50,FALSE
7.64,7.89,50,TRUE
8.11,6.71,0,TRUE
6.8,7.74,0,TRUE
6.95,6.94,0,TRUE
6.25,7.98,25,TRUE
7.76,7.32,0,TRUE
7.1,6.62,0,TRUE
6.82,7.06,25,TRUE
6.94,7.67,0,TRUE
8.46,7.62,0,TRUE
7.12,7.93,0,TRUE
8.38,7.48,50,TRUE
6.82,7.9,50,FALSE
7.16,7.7,0,TRUE
6.34,6.81,25,TRUE
6.86,6.88,25,TRUE
8.03,7.3,50,TRUE
7.16,7.78,25,TRUE
7.08,7.53,50,TRUE
6.43,7.88,25,TRUE
6.22,7.75,25,TRUE
8.31,6.84,0,TRUE
6.71,7.14,0,TRUE
8.53,6.82,50,TRUE
6.51,7.57,0,TRUE
7.82,7.09,25,FALSE
7.08,7.42,25,TRUE
7.04,7.95,0,TRUE
8.42,7.02,0,TRUE
7.5,7.34,50,TRUE
8.49,6.67,50,TRUE
8.21,7.62,0,TRUE
7.65,7.7,0,TRUE
7.12,6.79,50,TRUE
6.97,6.7,25,TRUE
7.12,7.25,25,TRUE
7.19,7.58,50,TRUE
7.73,7.15,0,TRUE
7.77,6.71,25,FALSE
7.64,7.05,25,TRUE
7.61,7.31,50,TRUE
6.39,7.06,25,TRUE
7.88,7.65,0,TRUE
6.52,6.88,25,TRUE
6.59,7.51,0,TRUE
6.39,7.8,25,TRUE
8.51,7.56,50,TRUE
7.75,7.88,25,TRUE
7.1,7.17,50,TRUE
8.95,7.49,50,TRUE
7.73,7.23,25,TRUE
7.57,7.6,50,FALSE
6.44,6.8,25,TRUE
8.36,7.02,0,TRUE
6.84,6.52,0,TRUE
6.92,7.29,25,TRUE
7.48,6.64,25,TRUE
7.52,7,0,TRUE
7.43,7.58,50,TRUE
8.15,7.22,50,TRUE
7.33,7.78,0,TRUE
7.09,7.49,50,TRUE
7.92,7.69,0,TRUE
6.79,7.87,25,TRUE
12.5,7.63,25,FALSE
6.51,7.23,25,TRUE
8.31,6.84,0,TRUE
7.83,6.65,25,TRUE
8.09,7.8,0,TRUE
6.5,7.2,25,TRUE
7.48,7.46,50,TRUE
7.24,7.41,50,TRUE
7.77,7.3,25,TRUE
7.21,7.05,25,TRUE
6.69,6.96,0,TRUE
8.16,7.16,50,TRUE
8.82,6.88,50,TRUE
7.85,7.25,0,FALSE
6.38,6.51,25,TRUE
8.82,7.88,50,TRUE
7.2,7.91,0,TRUE
6.1,7.3,25,TRUE
7.58,7.71,50,TRUE
7.44,6.62,25,TRUE
7.17,7.25,0,TRUE
7.82,7.71,50,TRUE
8.96,7.99,50,TRUE
8.53,6.69,50,TRUE
7.89,7.91,0,TRUE
8.48,7.25,50,TRUE
6.97,7.97,0,FALSE
8.09,7.78,25,TRUE
7.04,7.06,0,TRUE
8.37,7.73,0,TRUE
6.7,7.95,25,TRUE
6.98,7.15,0,TRUE
8.2,6.71,0,TRUE
8.24,7.44,50,TRUE
7.85,7.16,50,TRUE
7.68,6.57,0,TRUE
6.21,7.61,25,TRUE
7.24,6.83,0,TRUE
7.87,7.16,0,TRUE
11.79,6.89,25,FALSE
7.15,6.84,0,TRUE
8.02,7.69,50,TRUE
7.52,7.68,50,TRUE
7.38,7.3,0,TRUE
7.24,6.85,0,TRUE
7.26,7.58,25,TRUE
7.51,7.7,25,TRUE
7.06,7.75,25,TRUE
7.74,6.69,0,TRUE
8.7,7.96,50,TRUE
7.1,7.14,50,TRUE
7.93,7.36,25,TRUE
7.99,7.61,25,FALSE
7.74,7.05,25,TRUE
7.45,6.54,0,TRUE
7.2,7.36,25,TRUE
6.64,7.07,25,TRUE
8.89,7.1,50,TRUE
6.67,6.59,25,TRUE
7.14,6.59,0,TRUE
7.6,6.66,50,TRUE
6.78,7.32,25,TRUE
7.47,7.95,0,TRUE
7.2,6.92,50,TRUE
6.39,7.99,25,TRUE
6.52,7.01,0,FALSE
6.84,7.18,0,TRUE
6.14,7.15,25,TRUE
7.62,6.56,0,TRUE
7.17,6.66,50,TRUE
8.42,7.25,50,TRUE
7.11,6.78,25,TRUE
7.56,7.34,25,TRUE
8.44,7.21,0,TRUE
7.61,7.54,50,TRUE
8.76,6.74,50,TRUE
8.11,7.22,50,TRUE
8.08,7.67,0,TRUE
7.52,7.25,25,FALSE
7.49,6.7,0,TRUE
8.45,7.26,50,TRUE
6.69,6.93,0,TRUE
7.51,6.98,25,TRUE
6.74,6.58,0,TRUE
7.69,7.91,0,TRUE
7.2,7.16,0,TRUE
6.5,7.97,0,TRUE
8.36,7.02,50,TRUE
8.5,6.9,50,TRUE
6.79,6.93,0,TRUE
8.19,6.61,50,TRUE
7,6.7,25,FALSE
7.75,7.11,0,TRUE
7.64,6.7,25,TRUE
8.08,7.78,0,TRUE
7.67,7.87,50,TRUE
7.88,7.78,50,TRUE
7.53,7.68,0,TRUE
7.3,7.8,0,TRUE
7.71,6.79,50,TRUE
6.18,6.64,25,TRUE
7.76,6.56,50,TRUE
6.99,7.88,0,TRUE
6.14,6.57,25,TRUE
6.54,7.45,25,FALSE
8.09,6.71,0,TRUE
8.36,6.69,0,TRUE
7.57,6.82,25,TRUE
6.93,7.81,25,TRUE
7.58,6.85,50,TRUE
7.93,6.83,25,TRUE
7.95,7.38,50,TRUE
8.11,7.5,0,TRUE
7.94,7.33,25,TRUE
7.99,6.67,25,TRUE
7.09,7.23,25,TRUE
7.99,7.97,50,TRUE
12.68,7.8,50,FALSE
8.77,6.51,50,TRUE
7.1,6.51,0,TRUE
7.8,6.7,50,TRUE
8.88,7.87,50,TRUE
6.13,6.78,25,TRUE
7.67,7.03,0,TRUE
8,7.67,25,TRUE
6.95,7.36,25,TRUE
7.25,7.51,0,TRUE
7.72,6.82,0,TRUE
6.51,7.18,0,TRUE
8.17,7.51,0,TRUE
6.74,11.87,25,FALSE
7.88,7.99,0,TRUE
6.81,7.43,0,TRUE
7.68,6.57,0,TRUE
8.51,7.33,50,TRUE
6.53,6.97,25,TRUE
7.34,7.56,0,TRUE
6.76,6.96,25,TRUE
6.63,7.08,25,TRUE
7.25,7.54,0,TRUE
6.17,7.31,25,TRUE
6.29,6.54,25,TRUE
7.24,6.9,25,TRUE
6.96,7.11,25,FALSE
7.9,7.68,25,TRUE
8.11,7.69,50,TRUE
8.24,6.91,50,TRUE
8.19,6.56,0,TRUE
8.06,7.42,25,TRUE
7.8,7.98,0,TRUE
6.9,6.86,25,TRUE
6.81,6.75,25,TRUE
8.86,7.18,50,TRUE
7.24,7.9,50,TRUE
6.43,7.16,25,TRUE
8.43,6.51,50,TRUE
7.13,6.89,0,FALSE
8.42,7.85,50,TRUE
8.64,8,50,TRUE
8.39,6.87,0,TRUE
6.32,6.67,25,TRUE
7.45,6.96,0,TRUE
6.85,7.78,25,TRUE
8.92,7.67,50,TRUE
7.29,7.98,0,TRUE
6.59,6.79,0,TRUE
6.24,6.7,25,TRUE
7.02,7.16,50,TRUE
7.33,7.88,25,TRUE
7.05,11.34,50,FALSE
8.03,7.42,25,TRUE
6.83,6.8,25,TRUE
8.41,8,50,TRUE
8.02,7.17,0,TRUE
7.81,7.14,0,TRUE
7.43,7.45,0,TRUE
8.77,6.73,50,TRUE
7.03,7.23,50,TRUE
7.17,7.19,0,TRUE
8.35,7.6,0,TRUE
6.81,7.15,0,TRUE
7.02,7.75,0,TRUE
7.13,7.33,25,FALSE
8.19,7.73,50,TRUE
7.26,6.61,25,TRUE
8.59,7.34,50,TRUE
6.11,7.4,25,TRUE
7.15,7.4,25,TRUE
6.16,7.48,25,TRUE
7.05,7.8,25,TRUE
8,7.85,0,TRUE
6.11,7.29,25,TRUE
6.3,7.43,25,TRUE
7.83,6.81,50,TRUE
7.47,7.15,0,TRUE
6.94,7.24,25,FALSE
6.62,7.68,0,TRUE
7.2,6.7,0,TRUE
8.7,7.22,50,TRUE
7.35,7.88,50,TRUE
8.32,6.57,0,TRUE
7.58,7.4,25,TRUE
7.89,7.92,25,TRUE
6.85,7.71,25,TRUE
6.55,6.83,25,TRUE
8.09,6.55,50,TRUE
7.94,7.5,50,TRUE
6.54,6.79,25,TRUE
7.25,7.48,50,FALSE
8.42,7.28,50,TRUE
7.35,7.89,0,TRUE
7.43,6.55,0,TRUE
8.1,6.93,0,TRUE
8,7.35,50,TRUE
7.44,7.97,0,TRUE
8.06,6.64,0,TRUE
8.67,7,50,TRUE
7.5,6.76,25,TRUE
7.38,7.74,25,TRUE
6.88,7.44,25,TRUE
8.39,7.96,50,TRUE
7.1,7.22,0,FALSE
8.9,7.29,50,TRUE
6.96,6.51,0,TRUE
7.26,7.13,0,TRUE
7.38,7.47,50,TRUE
7.05,7.61,0,TRUE
7.53,6.95,50,TRUE
7.07,7.96,25,TRUE
7.64,6.52,25,TRUE
6.68,7.51,25,TRUE
7.34,7.34,50,TRUE
7.95,6.73,0,TRUE
7.05,6.52,50,TRUE
7.52,7.39,0,FALSE
7.33,7.51,50,TRUE
6.6,7.05,25,TRUE
7.61,7.02,0,TRUE
7.73,6.77,50,TRUE
7.63,6.55,25,TRUE
7.68,7.79,50,TRUE
8.03,7.27,0,TRUE
8.36,7.09,0,TRUE
7.49,7.84,0,TRUE
7.33,7.44,0,TRUE
7.39,7.52,25,TRUE
7.04,7.6,50,TRUE
7.48,7.36,0,FALSE
7.49,7.36,25,TRUE
7.69,7.94,25,TRUE
7.56,7.72,50,TRUE
6.92,7.25,0,TRUE
6.55,6.68,0,TRUE
7.53,7.47,25,TRUE
8.43,7.13,50,TRUE
8.79,6.89,50,TRUE
8.36,7.75,0,TRUE
6.15,6.63,25,TRUE
8.06,7.92,0,TRUE
7.05,7.18,0,TRUE
7.61,7.13,25,FALSE
8.03,7.08,25,TRUE
7.4,7.2,50,TRUE
7.97,6.97,25,TRUE
6.74,6.96,25,TRUE
8.14,7.45,50,TRUE
6.67,6.62,25,TRUE
7.1,6.57,0,TRUE
7.07,7.2,50,TRUE
6.75,6.73,25,TRUE
8.44,6.96,50,TRUE
7.62,6.91,25,TRUE
7.84,7.95,25,TRUE
7.74,6.68,50,FALSE
6.86,7.36,0,TRUE
8.07,7.38,0,TRUE
6.74,6.59,0,TRUE
6.46,7.31,25,TRUE
6.83,7.26,25,TRUE
7.45,6.57,0,TRUE
7.61,7.66,25,TRUE
7.23,6.66,0,TRUE
7.05,7.16,25,TRUE
8.03,7.97,0,TRUE
7.33,7.26,25,TRUE
6.96,7.1,25,TRUE
7.95,6.87,0,FALSE
8.43,7.04,0,TRUE
7.69,6.55,0,TRUE
7.23,6.93,50,TRUE
6.97,7.27,0,TRUE
7.15,7.99,50,TRUE
6.88,7.02,25,TRUE
7.15,7.3,50,TRUE
7.24,6.94,50,TRUE
7.3,7.72,25,TRUE
7.14,6.74,25,TRUE
7.12,6.62,0,TRUE
7.94,7.1,25,TRUE
6.66,6.69,25,FALSE
7.51,6.58,50,TRUE
7.24,7.25,25,TRUE
8.11,6.89,50,TRUE
7.47,7.59,50,TRUE
8.16,7.31,50,TRUE
6.63,6.96,25,TRUE
8.67,7.67,50,TRUE
7.87,7.3,25,TRUE
8.67,7.18,50,TRUE
7.01,6.52,25,TRUE
6.64,6.55,0,TRUE
8.14,6.94,0,TRUE
7.35,6.6,50,FALSE
6.81,7.55,0,TRUE
6.66,7,25,TRUE
6.61,6.56,0,TRUE
8.16,6.66,50,TRUE
7.05,7.99,50,TRUE
7.07,6.81,50,TRUE
8.03,7.38,25,TRUE
7.53,7.67,0,TRUE
7.72,7.59,0,TRUE
6.23,7.7,25,TRUE
7.73,6.85,0,TRUE
7.4,6.74,50,TRUE
7.45,7.31,50,FALSE
7.39,6.54,0,TRUE
8.43,7.98,0,TRUE
6.33,6.56,25,TRUE
6.95,7.14,0,TRUE
7.11,6.72,0,TRUE
6.93,7.97,0,TRUE
6.57,6.63,25,TRUE
7.33,6.72,0,TRUE
7.83,7.95,0,TRUE
7.67,6.51,50,TRUE
7.02,7.35,25,TRUE
8.09,7.06,25,TRUE
11.78,6.95,50,FALSE
7.78,7,25,TRUE
8.13,7.39,50,TRUE
7.56,6.88,25,TRUE
7.44,6.98,25,TRUE
6.96,6.94,25,TRUE
8.76,6.67,50,TRUE
7.79,7.93,25,TRUE
8.27,7.35,50,TRUE
6.85,6.66,25,TRUE
7.89,7.67,25,TRUE
6.77,7.53,0,TRUE
7.11,7.29,0,TRUE
7.8,7.44,25,FALSE
7.22,7.51,50,TRUE
7.17,7.49,25,TRUE
7.9,6.65,25,TRUE
7.94,6.55,25,TRUE
7.28,7.43,50,TRUE
7.91,7.46,50,TRUE
7.37,7.25,50,TRUE
7.58,7.52,0,TRUE
7.93,6.53,25,TRUE
6.52,7.21,0,TRUE
6.48,7.69,25,TRUE
7.16,7.01,25,TRUE
7.95,9.72,50,FALSE
7.44,7.02,50,TRUE
7.15,7.78,50,TRUE
7.87,6.53,50,TRUE
8.59,7.25,50,TRUE
6.87,7.05,25,TRUE
7.45,7.34,50,TRUE
6.61,6.69,25,TRUE
6.66,7.06,25,TRUE
8.2,7.36,0,TRUE
7.92,7.94,50,TRUE
7.36,7.59,50,TRUE
6.32,6.53,25,TRUE
6.9,11.46,25,FALSE
7.49,7.81,50,TRUE
6.88,7.15,0,TRUE
7.78,6.87,25,TRUE
8.47,7.38,50,TRUE
7.89,6.94,50,TRUE
8.43,6.76,50,TRUE
7.33,7.61,25,TRUE
7.82,7.4,50,TRUE
7.69,7.47,50,TRUE
8.87,7.89,50,TRUE
7.1,6.76,0,TRUE
8.07,6.74,25,TRUE
7.47,7.69,25,FALSE
8.63,7.92,50,TRUE
8.47,7.69,50,TRUE
6.66,6.53,25,TRUE
7.64,7.49,25,TRUE
6.72,6.96,25,TRUE
6.35,7.32,25,TRUE
7.01,7.37,25,TRUE
7.6,7.38,25,TRUE
7.79,6.73,25,TRUE
8.05,6.76,25,TRUE
7.62,7.55,25,TRUE
6.57,7.66,25,TRUE
6.87,7.09,0,FALSE
6.42,7.75,25,TRUE
7.19,6.8,25,TRUE
7.23,7.23,25,TRUE
7.23,7.95,0,TRUE
7.3,7.45,0,TRUE
6.89,7.92,25,TRUE
7.31,7.07,25,TRUE
6.7,7.56,0,TRUE
7.61,7.2,50,TRUE
8.88,6.65,50,TRUE
6.37,6.86,25,TRUE
7.27,7.22,0,TRUE
7.31,7.03,0,FALSE
8.95,6.6,50,TRUE
7.53,7.52,0,TRUE
8.08,7.09,25,TRUE
8.03,7.9,25,TRUE
6.76,7.13,0,TRUE
7.76,7.72,0,TRUE
6.43,6.68,25,TRUE
6.63,7.61,0,TRUE
7.33,7.04,25,TRUE
6.49,7.98,25,TRUE
7.21,7.43,0,TRUE
8.23,7.41,0,TRUE
11.26,6.79,50,FALSE
7.16,7.2,50,TRUE
7.88,7.84,0,TRUE
7.23,7.4,0,TRUE
8,7.17,50,TRUE
6.92,7.19,0,TRUE
6.31,7.97,25,TRUE
7.98,7.29,25,TRUE
7.38,7.42,25,TRUE
7.7,7.14,50,TRUE
7.54,7.76,25,TRUE
8.32,6.99,0,TRUE
7.11,7.44,25,TRUE
11.02,6.63,50,FALSE
6.97,7.93,0,TRUE
8.49,6.99,50,TRUE
6.92,7.99,25,TRUE
8.25,7.3,0,TRUE
7.41,7.82,25,TRUE
7.68,7.23,0,TRUE
6.83,7.89,0,TRUE
6.99,6.78,25,TRUE
7.2,6.67,25,TRUE
8.93,7.96,50,TRUE
7.98,7.88,25,TRUE
8.4,6.98,0,TRUE
12.64,7.47,0,FALSE
7.45,6.51,25,TRUE
6.62,7.36,0,TRUE
8.03,7.38,50,TRUE
7.61,7.18,50,TRUE
7.43,6.65,50,TRUE
7.35,7.01,50,TRUE
7.24,7.54,0,TRUE
7.61,6.98,0,TRUE
7.6,6.92,0,TRUE
7.92,7.63,50,TRUE
7.82,6.68,0,TRUE
7.28,6.57,50,TRUE
7.35,10.63,0,FALSE
8.53,6.77,50,TRUE
8.08,6.73,25,TRUE
7.78,7.38,0,TRUE
7.87,7.91,0,TRUE
7.7,6.92,50,TRUE
6.12,6.9,25,TRUE
7.41,6.79,0,TRUE
7.76,6.96,0,TRUE
8.22,7.67,50,TRUE
7.24,7.43,50,TRUE
8.09,7.32,50,TRUE
7.19,7.11,0,TRUE
10.28,6.98,50,FALSE
6.24,7.62,25,TRUE
7.81,7.37,0,TRUE
7.69,6.92,0,TRUE
6.62,6.78,0,TRUE
6.77,7.13,0,TRUE
8.36,6.98,50,TRUE
8.81,7.88,50,TRUE
7.47,6.88,0,TRUE
8.91,7.23,50,TRUE
7.92,7.73,25,TRUE
8.14,7.03,0,TRUE
7.69,7.03,0,TRUE
7.8,6.71,25,FALSE
7.79,7.36,50,TRUE
8.88,6.69,50,TRUE
8.51,7.66,50,TRUE
8.05,7.32,25,TRUE
6.27,6.83,25,TRUE
7.47,7.14,0,TRUE
8.18,7.69,50,TRUE
6.63,7.63,25,TRUE
8.18,7.54,50,TRUE
7.87,6.67,0,TRUE
6.58,7.37,25,TRUE
7.02,7.67,25,TRUE
7.43,6.79,50,FALSE
8.04,6.78,50,TRUE
6.13,7.45,25,TRUE
6.63,6.92,0,TRUE
6.98,7.65,25,TRUE
6.62,7.27,0,TRUE
8.8,7.52,50,TRUE
7.43,6.81,25,TRUE
8.48,7.94,0,TRUE
7.84,6.92,50,TRUE
6.73,7.75,25,TRUE
7.21,6.7,0,TRUE
7.71,7.17,0,TRUE
6.64,6.6,0,FALSE
7.75,7.55,25,TRUE
7.51,6.9,50,TRUE
6.86,6.55,25,TRUE
7.2,7.33,25,TRUE
8.53,7.1,50,TRUE
6.84,6.77,25,TRUE
7.4,7.21,50,TRUE
7.52,6.5,0,TRUE
7.28,6.86,0,TRUE
7.21,7.62,25,TRUE
6.82,7.92,0,TRUE
8.75,7.7,50,TRUE
7.82,7.97,0,FALSE
6.53,7.09,25,TRUE
7.56,6.94,50,TRUE
8.02,6.57,50,TRUE
7.17,7.29,25,TRUE
8.28,6.92,50,TRUE
7.72,7.53,25,TRUE
7.04,7.78,0,TRUE
8.29,7.35,0,TRUE
7.38,7.64,25,TRUE
6.47,6.85,25,TRUE
6.88,7.5,0,TRUE
7.22,7.73,0,TRUE
7.66,7.03,25,FALSE
6.88,6.78,0,TRUE
8.27,6.86,0,TRUE
7.83,6.66,0,TRUE
8.45,7.5,50,TRUE
7.57,6.88,50,TRUE
6.69,7.53,25,TRUE
6.28,7.86,25,TRUE
7.05,7.29,50,TRUE
6.94,6.74,0,TRUE
8.45,6.73,50,TRUE
7.73,6.7,0,TRUE
8.5,7.69,50,TRUE
7.59,7.89,0,FALSE
7.08,6.88,25,TRUE
7.14,6.53,0,TRUE
7.43,6.57,25,TRUE
6.76,6.89,0,TRUE
6.87,6.54,0,TRUE
8.79,6.77,50,TRUE
7.04,7.9,25,TRUE
7.94,7.28,25,TRUE
8.96,6.74,50,TRUE
6.65,6.98,0,TRUE
6.58,6.96,0,TRUE
7.89,7.71,25,TRUE
7,7.14,50,FALSE
6.88,7.39,0,TRUE
7.29,6.87,0,TRUE
6.33,7.23,25,TRUE
6.19,7.98,25,TRUE
7.58,7.07,25,TRUE
8.63,7.28,50,TRUE
7.47,7.18,25,TRUE
8.12,7.59,0,TRUE
7.17,6.85,25,TRUE
6.69,7.73,25,TRUE
8.39,7.75,50,TRUE
8.26,6.57,50,TRUE
6.71,7.22,25,FALSE
8.54,7.49,50,TRUE
6.82,7.99,0,TRUE
6.95,6.8,0,TRUE
6.95,6.56,25,TRUE
7.27,7.46,0,TRUE
7.67,6.54,0,TRUE
7.66,7.92,0,TRUE
7.85,7,50,TRUE
6.71,7.72,0,TRUE
7.98,7.31,50,TRUE
8.72,7.15,50,TRUE
6.89,7.99,0,TRUE
7.47,7.96,50,FALSE
8.27,7.2,50,TRUE
7.49,6.79,25,TRUE
7.5,7.06,0,TRUE
7.61,7.98,25,TRUE
7.52,7.99,25,TRUE
7.24,7.34,0,TRUE
6.85,7.04,0,TRUE
7.42,7.24,50,TRUE
7.54,7.17,50,TRUE
6.73,7.38,0,TRUE
7.09,6.54,0,TRUE
7.06,7.38,25,TRUE
7.02,7.14,0,FALSE
6.95,6.54,0,TRUE
7.02,7.26,25,TRUE
7.98,7.2,25,TRUE
6.74,6.85,0,TRUE
6.23,7.91,25,TRUE
7.43,6.84,25,TRUE
8.06,7.04,25,TRUE
7.05,6.98,0,TRUE
8.77,7.81,50,TRUE
8.1,7.42,0,TRUE
8.01,7.77,50,TRUE
8.39,6.68,50,TRUE
7.38,11.13,0,FALSE
8.27,6.82,0,TRUE
7.46,6.95,0,TRUE
8.64,7.82,50,TRUE
6.82,6.78,25,TRUE
7.09,6.6,50,TRUE
7.81,6.78,50,TRUE
8.38,7.9,0,TRUE
8.6,7.13,50,TRUE
7.95,7.62,25,TRUE
6.73,6.93,0,TRUE
6.39,7.97,25,TRUE
6.32,7.71,25,TRUE
7.52,12.21,0,FALSE
6.95,7.48,0,TRUE
6.79,7.24,0,TRUE
6.59,7.83,25,TRUE
7.67,6.97,25,TRUE
7.88,6.96,25,TRUE
7.72,6.73,0,TRUE
6.63,6.52,25,TRUE
7.52,6.83,0,TRUE
6.76,6.66,0,TRUE
7.93,7.62,25,TRUE
8.7,7.79,50,TRUE
8.36,6.91,0,TRUE
6.83,14.26,25,FALSE
7.44,7.5,50,TRUE
8.19,7.1,0,TRUE
7.88,6.93,25,TRUE
7.76,6.88,50,TRUE
7.32,7.58,25,TRUE
6.5,7.46,25,TRUE
8.2,7.74,50,TRUE
7.76,7.19,0,TRUE
6.18,6.87,25,TRUE
7.77,6.67,0,TRUE
7.38,7.27,25,TRUE
8.73,7.38,50,TRUE
7.22,7.44,50,FALSE
7.27,6.64,0,TRUE
6.74,6.55,25,TRUE
6.29,7.31,25,TRUE
6.44,7.83,25,TRUE
7.37,7.64,0,TRUE
7.6,6.85,50,TRUE
6.59,7.48,0,TRUE
8.21,7.32,0,TRUE
6.77,7.37,0,TRUE
6.32,6.71,25,TRUE
7.92,7.17,50,TRUE
7.27,7.46,25,TRUE
7.81,17.13,25,FALSE
8.37,7.99,0,TRUE
6.75,7.21,25,TRUE
6.94,6.63,25,TRUE
7.87,7.33,0,TRUE
7.99,7.56,25,TRUE
8.44,7.95,0,TRUE
6.55,6.97,0,TRUE
7.7,7.47,50,TRUE
7.01,7.35,25,TRUE
7.31,7.9,50,TRUE
8.47,6.56,0,TRUE
8.02,7.28,0,TRUE
7.75,7.68,25,FALSE
8.36,7.89,0,TRUE
8.7,7.31,50,TRUE
8.3,6.98,50,TRUE
7.28,7.26,25,TRUE
8.45,7.15,50,TRUE
8.01,7.24,0,TRUE
8.6,6.65,50,TRUE
6.57,6.79,25,TRUE
8.3,7.31,0,TRUE
7.4,6.72,25,TRUE
6.57,7.21,25,TRUE
6.92,7.7,25,TRUE
6.97,6.82,25,FALSE
6.67,7.46,0,TRUE
6.92,6.98,25,TRUE
7.87,7.64,0,TRUE
8.07,6.82,50,TRUE
6.93,7.64,25,TRUE
6.45,7.87,25,TRUE
6.51,7.55,0,TRUE
7.96,6.55,0,TRUE
8.84,7,50,TRUE
6.48,6.65,25,TRUE
7.25,7.91,0,TRUE
8.59,7.77,50,TRUE
7.09,19.05,0,FALSE
7.27,7.22,25,TRUE
7.74,7.86,25,TRUE
7.65,7.55,0,TRUE
7.6,6.83,0,TRUE
7.45,7.57,25,TRUE
8.08,7.8,50,TRUE
7.64,7.55,50,TRUE
7.95,6.88,0,TRUE
7.88,7.6,50,TRUE
8.58,6.68,50,TRUE
6.37,6.82,25,TRUE
6.51,6.78,0,TRUE
6.91,6.78,50,FALSE
7.36,7.53,50,TRUE
7.05,7.5,25,TRUE
6.5,7.79,0,TRUE
7.2,7.15,0,TRUE
6.49,7.72,25,TRUE
7.92,7.52,0,TRUE
6.27,7.37,25,TRUE
7.28,7.92,25,TRUE
6.89,6.81,0,TRUE
7.41,7.43,50,TRUE
6.9,6.94,25,TRUE
7.83,7.9,25,TRUE
6.7,7.36,0,FALSE
7.22,6.9,0,TRUE
6.3,7.65,25,TRUE
7.1,7.4,0,TRUE
7.43,6.94,50,TRUE
8.21,6.56,0,TRUE
7.02,7.79,0,TRUE
6.53,7.18,0,TRUE
7.35,6.56,0,TRUE
7.52,7.31,25,TRUE
6.64,7.23,0,TRUE
8.01,7.44,50,TRUE
7.81,7,0,TRUE
6.74,7.74,25,FALSE
6.82,7.12,0,TRUE
6.99,7.31,25,TRUE
7.81,7.28,50,TRUE
6.54,7.57,25,TRUE
6.53,7.02,25,TRUE
8.6,7.78,50,TRUE
7.12,7.71,50,TRUE
7.14,7.23,25,TRUE
7.2,7.14,50,TRUE
8.88,7.35,50,TRUE
7.62,7.75,25,TRUE
7.13,7.34,50,TRUE
9.73,6.65,25,FALSE
7.5,7.82,0,TRUE
7.04,7.74,50,TRUE
7.88,7.65,0,TRUE
8.52,7.48,50,TRUE
7.65,7.03,0,TRUE
8.18,6.99,0,TRUE
7.86,6.56,50,TRUE
6.51,7.09,25,TRUE
7.99,7.96,0,TRUE
6.6,7.17,0,TRUE
8.55,7.65,50,TRUE
7.41,7.45,50,TRUE
7.62,19.9,25,FALSE
7.89,6.93,50,TRUE
8.7,7.33,50,TRUE
7.94,7.19,50,TRUE
8.37,7.3,50,TRUE
7.44,7.87,25,TRUE
7.11,7.27,50,TRUE
7.01,7.72,25,TRUE
6.93,7.56,25,TRUE
7.67,6.8,25,TRUE
6.5,6.57,25,TRUE
7.27,6.81,50,TRUE
7.81,7.97,25,TRUE
7.12,6.89,50,FALSE
7.76,7.65,50,TRUE
7.87,7.99,25,TRUE
7.61,6.62,50,TRUE
7.36,7.13,50,TRUE
8.16,6.75,50,TRUE
7.35,6.98,0,TRUE
6.22,7.18,25,TRUE
7.3,7,0,TRUE
7.2,7.17,25,TRUE
7.11,7.56,25,TRUE
8.2,7.66,50,TRUE
7.43,7.14,25,TRUE
7.7,16.58,50,FALSE
7.48,6.65,0,TRUE
6.33,6.9,25,TRUE
6.94,7.79,0,TRUE
7.1,7.12,25,TRUE
8.27,7.75,0,TRUE
7.26,7.64,25,TRUE
7.35,7.77,0,TRUE
8.54,7.6,50,TRUE
7.03,7.76,25,TRUE
6.64,7.27,0,TRUE
6.95,6.58,25,TRUE
7.96,7.58,25,TRUE
7.73,7.31,50,FALSE
7.14,7.31,25,TRUE
7.17,6.77,25,TRUE
7.79,7.17,50,TRUE
7.18,7.81,25,TRUE
7.05,6.51,25,TRUE
6.69,7.73,0,TRUE
6.88,6.62,0,TRUE
6.71,7,0,TRUE
7.46,7.66,50,TRUE
8.94,7.44,50,TRUE
7.89,6.69,50,TRUE
6.81,6.91,25,TRUE
7.21,6.64,0,FALSE
7.6,7.74,25,TRUE
6.38,6.89,25,TRUE
7.77,7.44,0,TRUE
7.77,7.41,25,TRUE
7.09,7.02,0,TRUE
7.81,7.03,50,TRUE
7.66,6.62,0,TRUE
6.92,7.48,0,TRUE
8.1,7.81,50,TRUE
8.44,7.6,0,TRUE
7.38,7.89,50,TRUE
6.74,6.72,25,TRUE
6.88,6.67,25,FALSE
8.54,7.04,50,TRUE
8.3,6.92,50,TRUE
8.21,7.9,50,TRUE
7.68,7.88,25,TRUE
7.36,7.74,50,TRUE
7.88,7.43,50,TRUE
7.29,6.97,25,TRUE
8.07,7.94,25,TRUE
7.62,6.74,0,TRUE
7.75,6.91,50,TRUE
7.79,7.78,0,TRUE
7.32,7.6,25,TRUE
6.95,6.88,25,FALSE
6.69,7.15,0,TRUE
7.52,6.88,0,TRUE
8.62,7.81,50,TRUE
6.89,6.95,0,TRUE
7.74,6.63,0,TRUE
7.36,7.6,0,TRUE
6.26,7.55,25,TRUE
8.34,6.82,50,TRUE
7.33,7.47,0,TRUE
6.94,6.97,0,TRUE
6.62,7.97,0,TRUE
8.68,7.03,50,TRUE
7.06,7.32,0,FALSE
7.24,7.95,25,TRUE
7.21,7.2,0,TRUE
7.9,6.54,50,TRUE
8.87,6.64,50,TRUE
7.03,7.5,50,TRUE
8.32,7.27,50,TRUE
8.08,6.79,0,TRUE
8.2,7.75,50,TRUE
7.63,7.06,25,TRUE
7.95,7.22,25,TRUE
6.77,7.09,0,TRUE
6.83,7.62,25,TRUE
6.65,7.53,0,FALSE
8.77,7.1,50,TRUE
8.25,7.83,0,TRUE
6.94,6.73,0,TRUE
7.3,6.87,0,TRUE
7.08,6.87,0,TRUE
8.78,6.79,50,TRUE
7.81,6.83,50,TRUE
7.37,6.79,50,TRUE
7.38,6.65,0,TRUE
6.7,6.82,25,TRUE
7.96,6.76,25,TRUE
7.27,6.51,50,TRUE
7.15,7.66,0,FALSE
8.23,6.63,0,TRUE
8.97,7.26,50,TRUE
8.58,7.76,50,TRUE
7.21,7.84,0,TRUE
7.94,7.06,25,TRUE
8.57,7.67,50,TRUE
8.31,6.82,0,TRUE
6.65,7.35,25,TRUE
6.62,7.18,0,TRUE
7.78,7.99,25,TRUE
7.27,6.94,50,TRUE
7,6.58,50,TRUE
6.83,12.21,50,FALSE
8.12,7.27,0,TRUE
6.4,7.95,25,TRUE
8.05,7.19,0,TRUE
6.51,7.76,25,TRUE
7.3,7.92,0,TRUE
6.85,7.49,25,TRUE
6.98,8,25,TRUE
8.76,7.86,50,TRUE
8.2,7.69,50,TRUE
7.56,7.25,25,TRUE
7.18,6.83,25,TRUE
7.91,6.65,25,TRUE
7.5,7.76,0,FALSE
7.88,6.89,0,TRUE
7.58,6.91,25,TRUE
8.16,6.78,50,TRUE
8.28,7.15,50,TRUE
7.49,7.44,25,TRUE
8.83,6.88,50,TRUE
7.65,7.5,50,TRUE
8.8,7.75,50,TRUE
8.92,6.9,50,TRUE
6.65,6.82,25,TRUE
6.2,6.8,25,TRUE
7.28,6.77,25,TRUE
6.81,7.7,25,FALSE
6.54,6.74,25,TRUE
8.2,6.71,0,TRUE
6.5,7.84,25,TRUE
8.34,6.77,0,TRUE
7.77,6.56,25,TRUE
7.09,6.97,25,TRUE
8.59,6.96,50,TRUE
7.85,7.25,25,TRUE
8.23,8,0,TRUE
7.97,7.47,0,TRUE
7.2,7.52,25,TRUE
6.55,6.54,0,TRUE
9.56,7.48,0,FALSE
8.13,7.87,50,TRUE
7.25,7.52,25,TRUE
8.59,6.59,50,TRUE
6.81,6.87,0,TRUE
6.62,7.65,25,TRUE
7.08,7.8,0,TRUE
8.14,7.2,50,TRUE
8.46,6.69,50,TRUE
7.19,7.07,50,TRUE
7.23,7.25,0,TRUE
6.53,7.65,25,TRUE
7.41,6.6,25,TRUE
7.63,6.68,25,FALSE
7.2,7.68,0,TRUE
6.68,6.64,25,TRUE
7.45,7.09,25,TRUE
6.59,6.65,0,TRUE
7.11,6.59,50,TRUE
7.74,6.68,0,TRUE
6.51,7.53,0,TRUE
8.22,7.54,0,TRUE
8.36,7.21,50,TRUE
6.96,7.55,0,TRUE
7.47,6.81,50,TRUE
7.45,6.67,25,TRUE
13.55,6.51,0,FALSE
8.03,7.6,25,TRUE
6.95,7.06,0,TRUE
6.78,7.73,25,TRUE
6.78,7.67,25,TRUE
6.5,6.59,0,TRUE
7.57,6.73,50,TRUE
7.78,6.9,25,TRUE
6.72,7.15,0,TRUE
7.14,6.81,25,TRUE
7.84,7.81,0,TRUE
7.24,6.92,0,TRUE
7.97,7.68,0,TRUE
6.57,6.98,50,FALSE
6.51,6.95,0,TRUE
8.15,6.69,50,TRUE
6.94,6.8,25,TRUE
6.26,6.63,25,TRUE
6.94,6.56,0,TRUE
8.19,7.51,0,TRUE
7.81,7.4,50,TRUE
7.82,7.32,25,TRUE
8.05,7.74,0,TRUE
8.07,6.87,0,TRUE
8.61,7.59,50,TRUE
7.4,7.4,25,TRUE
6.87,7.81,25,FALSE
7.85,7.54,50,TRUE
6.31,7.92,25,TRUE
8.96,7.55,50,TRUE
7.95,7.94,0,TRUE
7.85,7.03,50,TRUE
7.52,6.5,25,TRUE
7.72,6.64,25,TRUE
8.17,6.81,50,TRUE
7.74,7.64,50,TRUE
7.1,7.97,0,TRUE
6.72,7.42,0,TRUE
6.99,7.26,50,TRUE
6.83,6.79,50,FALSE
8.32,7.16,50,TRUE
8.15,7.07,50,TRUE
6.32,7.47,25,TRUE
7.9,6.93,50,TRUE
6.9,7.77,25,TRUE
7.76,7.96,50,TRUE
7.23,6.89,50,TRUE
7.42,6.78,0,TRUE
6.88,7,0,TRUE
7.95,7.4,25,TRUE
6.91,6.95,0,TRUE
6.57,7.04,0,TRUE
6.58,7.19,50,FALSE
7.65,6.92,0,TRUE
6.92,7.08,25,TRUE
6.79,7.83,25,TRUE
8.31,6.97,0,TRUE
7.52,6.61,0,TRUE
7.68,7.82,0,TRUE
7.4,6.99,0,TRUE
7.83,7.9,0,TRUE
7.75,7.63,0,TRUE
8.48,6.91,50,TRUE
7.71,7.14,25,TRUE
7.84,6.66,0,TRUE
7.15,6.8,25,FALSE
7.88,7.71,25,TRUE
8.57,7.58,50,TRUE
6.18,7.95,25,TRUE
7.53,7.04,50,TRUE
6.53,7.22,25,TRUE
6.4,7.47,25,TRUE
6.57,7.35,0,TRUE
7.47,6.85,0,TRUE
6.12,7.25,25,TRUE
7.6,6.97,0,TRUE
8.68,7.17,50,TRUE
7.7,7.17,0,TRUE
9.93,7.36,25,FALSE
7.18,7.53,0,TRUE
8.06,7.19,50,TRUE
7.13,7.28,0,TRUE
8.96,7.49,50,TRUE
6.65,7.68,0,TRUE
8.07,6.51,50,TRUE
7.56,7.81,50,TRUE
7.17,6.75,50,TRUE
8.12,6.78,0,TRUE
7.26,7.88,25,TRUE
7.7,7.4,0,TRUE
7.58,7.5,25,TRUE
10.14,7.17,25,FALSE
8.97,7.57,50,TRUE
7.46,6.83,25,TRUE
6.63,6.97,0,TRUE
8.31,7.34,0,TRUE
6.83,7.16,25,TRUE
6.53,7.62,0,TRUE
7.96,7.94,50,TRUE
7.01,7.05,0,TRUE
8.67,7.35,50,TRUE
7.36,6.79,50,TRUE
7.87,7.05,25,TRUE
6.87,6.79,25,TRUE
7.13,9.8,50,FALSE
6.1,7.7,25,TRUE
7.2,7.56,25,TRUE
6.56,7.65,25,TRUE
7.48,7.94,0,TRUE
8.46,6.77,0,TRUE
7.22,6.55,50,TRUE
8.62,6.91,50,TRUE
7.36,7.11,25,TRUE
8.72,6.97,50,TRUE
7.57,7.19,50,TRUE
6.87,6.89,0,TRUE
6.98,6.96,50,TRUE
7.73,9.85,0,FALSE
7.5,6.83,50,TRUE
8.18,7.68,0,TRUE
7.71,7.56,50,TRUE
7.4,7.21,25,TRUE
8.18,7.22,50,TRUE
7,7.7,50,TRUE
7.61,7.19,50,TRUE
7.1,7.61,25,TRUE
7.12,6.93,25,TRUE
6.5,7,25,TRUE
8.27,6.82,0,TRUE
7.66,6.74,0,TRUE
10.68,6.82,0,FALSE
7.08,7.29,50,TRUE
8.2,7.78,0,TRUE
7.19,6.71,50,TRUE
8.37,7.05,50,TRUE
6.51,6.67,25,TRUE
7.88,7.49,50,TRUE
7.4,7.09,50,TRUE
8.04,6.65,50,TRUE
8.86,7.21,50,TRUE
7,7.3,50,TRUE
7.38,7.49,50,TRUE
7.54,6.95,25,TRUE
7.76,7.85,0,FALSE
8.53,7.66,50,TRUE
8.14,7.53,0,TRUE
7.17,7.27,0,TRUE
8.26,7.6,50,TRUE
8.3,7.26,0,TRUE
7.04,7.51,50,TRUE
7.93,6.77,50,TRUE
6.78,6.52,25,TRUE
7.4,7.25,0,TRUE
7.9,7.87,50,TRUE
7.48,7.88,50,TRUE
8.01,7.48,50,TRUE
7.08,6.53,25,FALSE
7.03,6.57,0,TRUE
8.42,6.51,0,TRUE
8.22,7.33,50,TRUE
8.27,7.56,0,TRUE
6.69,7.09,25,TRUE
7.92,7.93,25,TRUE
7.76,7.29,25,TRUE
8.36,6.71,0,TRUE
6.59,7.77,25,TRUE
7.23,6.68,0,TRUE
8.35,6.77,0,TRUE
7.99,7.6,0,TRUE
13.94,7.39,0,FALSE
7.87,7.21,0,TRUE
8.59,7.93,50,TRUE
7.81,7.41,0,TRUE
6.67,7.35,0,TRUE
7.72,7.38,25,TRUE
7.09,7.71,25,TRUE
6.61,6.62,25,TRUE
7.07,7.56,0,TRUE
7.48,7.14,0,TRUE
8.35,7.89,0,TRUE
7.96,7.83,0,TRUE
7.77,7.38,25,TRUE
13.4,7.6,50,FALSE
8.1,6.69,50,TRUE
6.26,7.82,25,TRUE
6.61,7.28,0,TRUE
7.55,7.09,50,TRUE
8.66,7.25,50,TRUE
8.68,7.93,50,TRUE
6.66,6.9,0,TRUE
8.5,6.62,50,TRUE
8.22,6.65,0,TRUE
7.52,7.21,25,TRUE
8.07,7.57,0,TRUE
7.27,7.29,25,TRUE
7.17,6.91,0,FALSE
7.35,7.77,50,TRUE
7.29,7.21,50,TRUE
6.35,7.48,25,TRUE
6.95,7.36,0,TRUE
7.52,7.64,50,TRUE
8.84,7.63,50,TRUE
7.05,7.9,25,TRUE
7.52,6.67,25,TRUE
7.11,7.19,25,TRUE
7.41,7.72,0,TRUE
6.96,6.55,0,TRUE
7.47,7.44,0,TRUE
7.68,6.92,0,FALSE
8.06,6.56,50,TRUE
8.03,6.93,50,TRUE
7.35,7.26,0,TRUE
7.51,7.85,0,TRUE
6.35,6.63,25,TRUE
7.28,7.19,50,TRUE
7.46,7.25,25,TRUE
6.36,6.52,25,TRUE
7.88,7.81,50,TRUE
7.62,7.59,25,TRUE
8.26,6.95,50,TRUE
7.58,6.92,25,TRUE
6.51,7.81,0,FALSE
6.37,7.51,25,TRUE
8.84,7.92,50,TRUE
7.38,6.93,0,TRUE
6.51,7.91,25,TRUE
7.88,7.45,50,TRUE
8.11,7.3,0,TRUE
6.34,7.33,25,TRUE
8.08,7.98,0,TRUE
6.47,7.75,25,TRUE
8.47,7.01,50,TRUE
6.63,7.5,0,TRUE
8.16,6.88,50,TRUE
7.01,18.41,50,FALSE
6.55,7.34,0,TRUE
8.39,6.59,0,TRUE
7.72,7.43,0,TRUE
7.96,7.96,0,TRUE
6.51,7.71,0,TRUE
7.09,7.13,50,TRUE
8.05,7.23,25,TRUE
8.37,7.22,50,TRUE
7.92,7.16,0,TRUE
6.56,6.75,25,TRUE
7.07,6.68,0,TRUE
8.09,7.97,0,TRUE
6.66,7.94,25,FALSE
7.15,7.42,50,TRUE
7.64,7.84,50,TRUE
8.4,7.75,0,TRUE
7.91,6.99,25,TRUE
7.28,7.16,25,TRUE
7.12,7.26,25,TRUE
6.86,7.06,25,TRUE
6.55,7.75,0,TRUE
7.14,7.23,50,TRUE
8.41,7.75,0,TRUE
8.24,7.9,50,TRUE
7.09,7.31,50,TRUE
7.14,6.83,50,FALSE
6.87,6.8,25,TRUE
7.36,6.53,50,TRUE
7.54,7.53,50,TRUE
6.82,6.94,25,TRUE
6.87,7.1,0,TRUE
6.4,7.88,25,TRUE
7.12,6.72,0,TRUE
6.87,7.77,0,TRUE
7.99,7.16,0,TRUE
7.46,7.36,50,TRUE
7.3,7.05,25,TRUE
7.15,7.13,50,TRUE
7.1,7.3,50,FALSE
7.59,6.61,50,TRUE
7.74,7.81,50,TRUE
6.89,7.2,0,TRUE
7.61,7.27,50,TRUE
7.08,6.8,50,TRUE
7.11,6.76,50,TRUE
6.84,7.7,25,TRUE
7.67,7.94,0,TRUE
6.73,6.79,25,TRUE
8.54,7.71,50,TRUE
8.21,7.5,0,TRUE
7.39,7.62,25,TRUE
6.54,19,50,FALSE
7.54,6.62,0,TRUE
8.45,7.51,0,TRUE
8.27,6.69,0,TRUE
8.81,6.61,50,TRUE
6.7,6.68,0,TRUE
6.99,6.8,25,TRUE
7.09,7.17,50,TRUE
7.2,6.85,25,TRUE
8.69,6.55,50,TRUE
7.19,7.75,25,TRUE
8.52,7.63,50,TRUE
6.61,7.39,0,TRUE
6.87,7.55,50,FALSE
6.52,6.93,25,TRUE
8.74,6.95,50,TRUE
7.8,7.75,25,TRUE
7.95,7.47,0,TRUE
7.91,7.61,0,TRUE
8.21,6.73,50,TRUE
8.03,7.47,50,TRUE
7.11,6.96,0,TRUE
7.33,7.37,50,TRUE
7.26,7.29,25,TRUE
7.5,7.36,25,TRUE
8.51,7.13,50,TRUE
7.78,7.97,50,FALSE
6.75,7.5,25,TRUE
7.89,6.74,50,TRUE
8.96,7.34,50,TRUE
8.28,6.5,0,TRUE
8.61,6.73,50,TRUE
8.41,6.63,50,TRUE
7.41,6.95,0,TRUE
7.01,7.9,50,TRUE
8.2,7.72,50,TRUE
7.45,7.81,25,TRUE
7.65,6.63,50,TRUE
8.61,7.41,50,TRUE
7.35,7.7,25,FALSE
6.96,7.43,25,TRUE
8.46,7.97,0,TRUE
7.31,6.74,50,TRUE
8.1,7.47,0,TRUE
7.2,6.75,50,TRUE
7.83,6.99,0,TRUE
7.64,7.5,0,TRUE
6.74,7.66,0,TRUE
6.88,7.44,25,TRUE
8.13,7.42,50,TRUE
6.37,6.56,25,TRUE
7.12,7.37,50,TRUE
6.89,12.1,0,FALSE
8.17,6.82,50,TRUE
7.03,7.75,25,TRUE
7.8,6.99,50,TRUE
6.62,6.72,0,TRUE
7,7.01,0,TRUE
6.55,7.28,25,TRUE
6.12,7.25,25,TRUE
7.48,7.64,25,TRUE
8.01,7.96,25,TRUE
6.94,6.8,0,TRUE
7.86,7.56,0,TRUE
8.83,7.64,50,TRUE
6.6,7.68,50,FALSE
7.56,7.7,50,TRUE
7.36,6.88,0,TRUE
8.31,7.92,50,TRUE
8.4,6.79,50,TRUE
8.09,7.21,50,TRUE
7.39,7.26,25,TRUE
6.7,6.92,25,TRUE
8.13,7.5,0,TRUE
7.54,7.48,25,TRUE
7.74,6.92,0,TRUE
7.48,7.22,50,TRUE
7.88,7.83,50,TRUE
6.94,7.01,0,FALSE
7.73,7.46,25,TRUE
8.2,7.57,50,TRUE
6.79,7.29,25,TRUE
6.64,6.55,25,TRUE
8.26,7.51,0,TRUE
6.83,6.78,25,TRUE
7.44,7.65,50,TRUE
7.48,7.29,0,TRUE
8.2,6.76,50,TRUE
7.3,6.8,0,TRUE
7.62,6.94,50,TRUE
6.62,7.42,0,TRUE
7.51,6.59,25,FALSE
8.74,6.68,50,TRUE
8.32,7.42,50,TRUE
6.78,7.17,0,TRUE
7.62,7.57,25,TRUE
7.87,7.19,50,TRUE
7.18,7.76,0,TRUE
8.23,7.94,0,TRUE
6.83,6.74,25,TRUE
7.55,6.66,25,TRUE
7.02,7.59,25,TRUE
6.89,7.18,0,TRUE
6.37,7.25,25,TRUE
7.39,7.11,25,FALSE
7.6,7.95,50,TRUE
6.16,6.55,25,TRUE
8.17,7.86,0,TRUE
7.58,7.49,25,TRUE
7.13,6.6,0,TRUE
7.41,6.84,25,TRUE
7.92,7.51,0,TRUE
8.58,6.88,50,TRUE
6.7,7.85,25,TRUE
8.97,7.71,50,TRUE
6.63,7.04,25,TRUE
7.38,7.78,25,TRUE
6.7,6.71,0,FALSE
8.2,7.48,50,TRUE
7.01,7.2,25,TRUE
6.32,6.54,25,TRUE
7.3,7.85,25,TRUE
8.5,7.96,50,TRUE
7.71,6.72,25,TRUE
6.39,6.63,25,TRUE
8.38,7.15,0,TRUE
7.91,7.67,50,TRUE
7.36,6.98,50,TRUE
6.5,6.75,25,TRUE
8.86,7.21,50,TRUE
7.28,7.48,0,FALSE
6.54,7.1,0,TRUE
8.36,7.59,50,TRUE
6.55,7.35,0,TRUE
8.16,7.33,50,TRUE
7.23,6.53,50,TRUE
7.81,7.37,50,TRUE
7.37,7.15,50,TRUE
6.94,7.88,25,TRUE
8.28,7.48,0,TRUE
8.09,7.64,0,TRUE
7.66,7.31,25,TRUE
8.29,7.84,0,TRUE
6.82,6.95,50,FALSE
7.15,7.46,50,TRUE
6.51,7.73,25,TRUE
7.2,7.18,25,TRUE
8.63,7.19,50,TRUE
6.9,7.99,25,TRUE
7.96,6.98,0,TRUE
8.31,7.22,0,TRUE
7.47,7.27,0,TRUE
7.39,6.55,0,TRUE
8.25,6.87,0,TRUE
8.02,6.57,50,TRUE
7.14,7.79,25,TRUE
13.5,6.81,25,FALSE
7.79,6.56,25,TRUE
8.21,7.67,0,TRUE
8.04,6.76,25,TRUE
7.71,7.39,0,TRUE
7.31,6.63,0,TRUE
6.23,6.73,25,TRUE
6.99,6.91,50,TRUE
7.85,7.55,50,TRUE
7.99,7.42,25,TRUE
6.76,7.04,25,TRUE
8.77,7.76,50,TRUE
6.55,7.02,25,TRUE
7.47,7.08,50,FALSE
7.45,7.7,25,TRUE
7.66,6.81,50,TRUE
7.1,6.81,0,TRUE
7.9,6.85,0,TRUE
7.13,7.28,50,TRUE
7.47,6.81,25,TRUE
7.2,7.79,50,TRUE
7.57,6.86,50,TRUE
8.45,7.69,50,TRUE
7.3,7.19,25,TRUE
6.59,6.6,0,TRUE
6.99,6.69,0,TRUE
7.47,6.9,0,FALSE
7.85,6.76,0,TRUE
8.47,7.37,0,TRUE
8.16,7.3,0,TRUE
6.15,7.71,25,TRUE
8.18,7.37,0,TRUE
6.35,6.63,25,TRUE
7.04,6.75,0,TRUE
8.76,6.74,50,TRUE
6.63,7.21,25,TRUE
7.66,7.63,0,TRUE
8.52,7.19,50,TRUE
8.43,7.33,50,TRUE
9.99,6.53,0,FALSE
7.43,6.86,0,TRUE
7.97,6.98,25,TRUE
8.13,6.87,0,TRUE
7.66,7.52,50,TRUE
7.69,6.94,0,TRUE
7.28,7.33,50,TRUE
8.04,6.95,50,TRUE
7.12,6.78,25,TRUE
7.1,6.91,25,TRUE
8.41,7.54,50,TRUE
7.75,7.12,50,TRUE
7.11,7.68,25,TRUE
9.79,6.89,0,FALSE
6.44,6.56,25,TRUE
8.78,7.81,50,TRUE
6.63,7.4,25,TRUE
7.51,7.23,25,TRUE
8.91,7.8,50,TRUE
7.78,6.98,0,TRUE
7.55,7.82,25,TRUE
8.44,7.71,0,TRUE
6.37,6.7,25,TRUE
7.6,7.26,0,TRUE
7.98,7.57,25,TRUE
7.31,7.15,0,TRUE
6.67,6.94,25,FALSE
8.08,7.82,25,TRUE
7.71,7.58,25,TRUE
8.13,6.7,50,TRUE
7.34,7.36,50,TRUE
8.12,7.95,0,TRUE
7.89,7.37,25,TRUE
7.37,7.26,50,TRUE
7,6.54,0,TRUE
6.6,7.98,25,TRUE
8.67,7.22,50,TRUE
7.3,7.26,50,TRUE
7.53,6.66,25,TRUE
11.61,7.43,50,FALSE
6.99,7.46,25,TRUE
6.51,7.3,0,TRUE
7.63,6.51,0,TRUE
8.09,6.92,50,TRUE
7.05,7.3,25,TRUE
8.12,6.84,50,TRUE
6.73,7.45,25,TRUE
8.19,7.02,50,TRUE
8.11,7.99,50,TRUE
7.63,7.56,0,TRUE
8.58,7.72,50,TRUE
8.6,7.22,50,TRUE
7.85,7.97,50,FALSE
7.61,7.56,0,TRUE
6.76,7.07,0,TRUE
6.17,7.93,25,TRUE
8.56,6.91,50,TRUE
7.22,7.7,25,TRUE
8.4,7.13,0,TRUE
8,7.35,0,TRUE
7,7.14,0,TRUE
7.98,6.52,50,TRUE
6.3,7.07,25,TRUE
7.09,7.67,25,TRUE
8.02,7.49,50,TRUE
6.5,6.74,0,FALSE
7.43,7.23,0,TRUE
6.76,7.6,25,TRUE
7.46,6.97,25,TRUE
6.26,7.91,25,TRUE
7.47,7.48,25,TRUE
7.51,6.75,0,TRUE
7.92,7.5,0,TRUE
6.7,6.98,25,TRUE
7.78,7.07,25,TRUE
8.09,7.29,50,TRUE
6.11,6.92,25,TRUE
7.15,6.71,50,TRUE
6.86,7.46,0,FALSE
7.65,7.96,25,TRUE
6.18,6.56,25,TRUE
7.26,6.72,25,TRUE
7.84,7.33,25,TRUE
7.64,7.43,50,TRUE
7.83,7.49,50,TRUE
6.65,6.78,0,TRUE
7.95,6.61,50,TRUE
7.27,6.52,0,TRUE
6.85,7.36,0,TRUE
6.69,6.59,25,TRUE
7.45,6.97,0,TRUE
7.49,7.36,50,FALSE
7.16,7.44,50,TRUE
7.94,6.51,0,TRUE
6.59,7.66,25,TRUE
7.14,7.22,50,TRUE
7.84,7.68,0,TRUE
6.74,7.84,0,TRUE
7.64,6.73,25,TRUE
7.78,6.53,50,TRUE
6.11,6.77,25,TRUE
7.95,7.27,50,TRUE
7.6,7.96,25,TRUE
6.78,6.96,25,TRUE
7.01,6.62,50,FALSE
8.96,6.81,50,TRUE
7.46,7.39,0,TRUE
7.38,7.02,50,TRUE
6.5,6.67,25,TRUE
6.34,7.54,25,TRUE
6.23,6.95,25,TRUE
7.26,6.65,50,TRUE
7.24,6.9,25,TRUE
8.5,7.6,0,TRUE
7.19,7.15,0,TRUE
6.62,6.54,0,TRUE
6.86,7.39,0,TRUE
9.55,6.62,25,FALSE
7.87,7.51,25,TRUE
8.09,7.3,50,TRUE
7.94,6.85,25,TRUE
8.47,6.91,0,TRUE
6.8,6.78,25,TRUE
7.8,7.13,50,TRUE
7.3,7.68,25,TRUE
6.96,7.51,25,TRUE
7.85,6.8,0,TRUE
8.02,6.74,25,TRUE
7.85,7.91,25,TRUE
6.14,7.72,25,TRUE
6.72,7.84,25,FALSE
8.37,7.99,50,TRUE
7.23,7.05,0,TRUE
7.44,7.17,25,TRUE
8.09,6.6,50,TRUE
7.07,6.86,50,TRUE
8.08,6.79,25,TRUE
6.44,7.57,25,TRUE
7.36,6.79,0,TRUE
8.33,7.99,50,TRUE
6.92,7.48,0,TRUE
8.72,7.1,50,TRUE
7.07,7.6,50,TRUE
7.97,7.52,25,FALSE
6.59,7.08,0,TRUE
8.82,7.86,50,TRUE
7.55,7.04,0,TRUE
7.03,6.91,0,TRUE
7.86,7.48,0,TRUE
7.32,7.75,25,TRUE
6.25,6.93,25,TRUE
8.75,7.02,50,TRUE
8.43,7.8,50,TRUE
7.15,7.46,50,TRUE
6.14,7.22,25,TRUE
7.07,7.88,0,TRUE
6.59,18.29,25,FALSE
7.85,7.33,50,TRUE
7.28,7.39,25,TRUE
7.92,7.47,50,TRUE
7.44,7.3,50,TRUE
8.01,7.63,0,TRUE
8.18,6.85,0,TRUE
7.17,7.33,25,TRUE
7.34,6.96,50,TRUE
6.53,6.83,0,TRUE
8.6,6.73,50,TRUE
6.64,7.96,0,TRUE
8.07,7.19,25,TRUE
7.04,9.43,50,FALSE
7.11,7.71,25,TRUE
6.25,7.07,25,TRUE
7.75,6.55,0,TRUE
6.58,6.74,0,TRUE
8.06,7.71,50,TRUE
7.01,6.7,50,TRUE
8.09,7.02,0,TRUE
8.37,7.6,0,TRUE
6.46,7.51,25,TRUE
7.51,7.78,25,TRUE
6.5,6.86,25,TRUE
7.43,7.63,25,TRUE
13.77,6.6,50,FALSE
7.87,7.82,25,TRUE
7.88,7.03,50,TRUE
8.07,7.2,50,TRUE
8.77,6.77,50,TRUE
6.11,7.48,25,TRUE
8.57,6.95,50,TRUE
7.03,6.53,25,TRUE
8.4,7.98,0,TRUE
6.57,7.99,0,TRUE
8.86,7.56,50,TRUE
7.45,6.54,25,TRUE
8.55,6.86,50,TRUE
11.41,7.31,25,FALSE
7.3,7.24,25,TRUE
6.71,6.92,0,TRUE
7.4,7.92,25,TRUE
7.58,7.28,25,TRUE
6.92,7.24,0,TRUE
7.54,7.64,0,TRUE
6.73,7.98,0,TRUE
8.2,6.96,0,TRUE
8.01,7.81,0,TRUE
7.5,7.73,50,TRUE
7.22,6.67,25,TRUE
7.57,7.12,0,TRUE
12.51,7.99,50,FALSE
6.93,7.19,0,TRUE
8.2,7.21,0,TRUE
7.99,7.94,50,TRUE
6.74,7.97,0,TRUE
7.11,6.61,25,TRUE
8.97,6.99,50,TRUE
6.12,7.91,25,TRUE
7.82,7.29,50,TRUE
7.28,7.93,50,TRUE
8.16,7.86,0,TRUE
7.45,7.02,50,TRUE
7.57,6.94,0,TRUE
7.36,6.91,50,FALSE
8.45,6.57,0,TRUE
7.3,7.73,0,TRUE
8.47,7.43,50,TRUE
8.27,7.69,0,TRUE
7.74,7.69,25,TRUE
7.86,6.66,0,TRUE
8.01,7.19,50,TRUE
8.08,6.84,25,TRUE
7.1,7.47,0,TRUE
6.88,7.69,25,TRUE
7.19,6.79,0,TRUE
8.16,7.5,50,TRUE
7.81,7.3,0,FALSE
8.39,7.06,0,TRUE
7.69,6.7,25,TRUE
8.19,6.99,50,TRUE
6.39,6.57,25,TRUE
8.15,7.19,50,TRUE
8.39,7.34,0,TRUE
7.33,6.64,50,TRUE
6.31,7.46,25,TRUE
8.06,7.46,50,TRUE
7,7.1,0,TRUE
7.36,7.67,25,TRUE
6.89,7.89,0,TRUE
7.33,6.74,25,FALSE
8.8,7.18,50,TRUE
6.6,7.32,25,TRUE
6.84,7.12,0,TRUE
8.05,7.36,0,TRUE
7.09,7.31,25,TRUE
8.25,6.53,0,TRUE
7.37,7.24,50,TRUE
8.62,6.57,50,TRUE
7.65,7.86,25,TRUE
7.09,6.8,0,TRUE
8.05,7.55,0,TRUE
7.77,7.52,0,TRUE
6.6,7.26,0,FALSE
8.36,6.83,50,TRUE
7.44,7.87,25,TRUE
7.68,7.13,50,TRUE
6.92,7.41,0,TRUE
7.82,6.74,50,TRUE
8.84,7.98,50,TRUE
8.8,6.52,50,TRUE
7.36,7.3,50,TRUE
7.35,7.07,25,TRUE
8.45,7.26,0,TRUE
8.72,7.05,50,TRUE
6.54,7.43,0,TRUE
6.97,7.34,25,FALSE
6.51,7.34,0,TRUE
6.84,7.25,25,TRUE
7,7.34,25,TRUE
8.22,7.66,50,TRUE
8.61,7.58,50,TRUE
7.95,7.91,50,TRUE
7.57,7.84,0,TRUE
7.75,7.48,50,TRUE
7.88,6.9,25,TRUE
7.92,6.86,25,TRUE
8.74,7.56,50,TRUE
7.3,7.37,25,TRUE
6.82,7.75,25,FALSE
7.22,7.94,50,TRUE
7.69,6.85,50,TRUE
8.83,6.9,50,TRUE
8.07,6.96,0,TRUE
7.61,7.9,50,TRUE
6.94,7.06,0,TRUE
8.38,6.76,0,TRUE
6.4,7.25,25,TRUE
7.7,7.94,50,TRUE
8.73,7.57,50,TRUE
7.13,7.42,25,TRUE
8.39,7.24,0,TRUE
7.94,7.55,50,FALSE
7.3,7.21,25,TRUE
8.09,6.95,25,TRUE
6.27,7.15,25,TRUE
8.38,7.42,0,TRUE
7.35,7.11,0,TRUE
7.23,6.95,50,TRUE
7.27,7.45,50,TRUE
6.43,7.77,25,TRUE
7.69,7.31,0,TRUE
8.16,7.53,0,TRUE
7.72,7.06,50,TRUE
7.92,6.82,50,TRUE
6.88,11.23,0,FALSE
7.11,6.97,25,TRUE
6.9,7.37,25,TRUE
7.87,7.87,0,TRUE
8.94,7.18,50,TRUE
7.08,7.83,0,TRUE
7.12,7.37,25,TRUE
7.1,6.66,0,TRUE
7.31,6.71,50,TRUE
7.62,6.68,25,TRUE
6.67,7.52,0,TRUE
7.26,7.02,25,TRUE
7.32,6.52,25,TRUE
7.88,7.19,25,FALSE
6.72,7.41,0,TRUE
7.28,7.01,25,TRUE
6.19,7.28,25,TRUE
8.63,7.33,50,TRUE
8.13,6.78,0,TRUE
7.73,7.5,50,TRUE
8.33,6.72,50,TRUE
7.91,6.94,25,TRUE
7.98,7.55,50,TRUE
6.65,6.67,0,TRUE
6.16,6.98,25,TRUE
8.58,7.07,50,TRUE
7.27,18.38,25,FALSE
7.64,7.08,0,TRUE
6.83,7.94,25,TRUE
6.33,7.16,25,TRUE
7.13,7.59,25,TRUE
8.93,7.18,50,TRUE
7.75,6.6,0,TRUE
7.04,7.58,0,TRUE
7.55,6.97,25,TRUE
7.61,7.92,0,TRUE
7.96,7.91,25,TRUE
6.86,7.75,25,TRUE
6.12,7.94,25,TRUE
7.43,6.55,0,FALSE
7.89,6.63,50,TRUE
8.87,7.96,50,TRUE
7.2,7.3,25,TRUE
7.35,7.95,0,TRUE
6.38,7.46,25,TRUE
7.47,6.56,25,TRUE
7.7,7.94,0,TRUE
8.11,7.06,0,TRUE
7.52,6.5,50,TRUE
6.7,7.11,25,TRUE
6.83,7.29,0,TRUE
8.05,7.85,25,TRUE
7.83,6.85,0,FALSE
7.5,7.33,50,TRUE
8.25,6.94,0,TRUE
8.4,6.89,0,TRUE
7.5,7.6,50,TRUE
6.76,7.16,25,TRUE
7.13,6.69,0,TRUE
8.03,6.56,0,TRUE
8.36,7.2,0,TRUE
8.43,6.74,0,TRUE
7.9,6.79,50,TRUE
7.43,7.09,0,TRUE
8.23,6.76,50,TRUE
11.07,6.84,25,FALSE
8.13,7.5,50,TRUE
7.37,7.78,50,TRUE
6.21,7.13,25,TRUE
6.87,7.65,25,TRUE
7.88,6.86,50,TRUE
8.12,7.75,0,TRUE
7.09,7.46,50,TRUE
7.13,7.66,50,TRUE
6.6,6.77,25,TRUE
7.83,7.45,25,TRUE
6.6,7.63,25,TRUE
8.18,7.76,0,TRUE
7.79,6.51,25,FALSE
6.72,6.92,0,TRUE
7.77,7.35,25,TRUE
7.51,6.73,0,TRUE
8.12,7.52,0,TRUE
7.74,7.15,0,TRUE
7.41,7.09,0,TRUE
7.57,7.35,50,TRUE
7.56,6.6,50,TRUE
7.11,6.91,50,TRUE
7.07,6.78,0,TRUE
8.09,7.65,50,TRUE
8.3,7.82,0,TRUE
7.51,6.73,50,FALSE
8.42,6.6,0,TRUE
8.24,7.19,0,TRUE
7.65,7.31,50,TRUE
6.76,7.11,25,TRUE
7.29,7.9,25,TRUE
8.78,6.93,50,TRUE
8.43,7.89,0,TRUE
7.6,7.37,50,TRUE
7.15,7.95,25,TRUE
6.8,7.44,25,TRUE
6.22,7.83,25,TRUE
6.92,6.52,25,TRUE
6.88,7.64,0,FALSE
6.8,7.37,25,TRUE
6.99,6.6,50,TRUE
7.17,6.79,25,TRUE
8.24,6.66,0,TRUE
6.8,7.12,25,TRUE
7.99,6.68,0,TRUE
7.12,7.73,50,TRUE
6.65,7.91,25,TRUE
7.38,7.97,25,TRUE
7.2,7.39,50,TRUE
6.78,6.98,25,TRUE
8.5,7.69,0,TRUE
7.47,7.56,50,FALSE
7.57,7.58,50,TRUE
7.26,7.5,25,TRUE
7.61,7.05,50,TRUE
7.45,6.94,0,TRUE
7.95,8,25,TRUE
7.38,6.64,0,TRUE
7.01,7.93,25,TRUE
6.35,6.74,25,TRUE
6.66,7.04,25,TRUE
7.8,7.74,0,TRUE
8.35,7.72,50,TRUE
8.3,7.78,0,TRUE
6.87,10.31,25,FALSE
6.62,7.9,25,TRUE
7.12,7.53,25,TRUE
8.18,7.86,50,TRUE
6.41,6.57,25,TRUE
7.88,6.97,0,TRUE
8.11,6.94,50,TRUE
6.33,6.8,25,TRUE
6.77,7.46,0,TRUE
7.36,6.74,25,TRUE
7.1,7.61,25,TRUE
8.06,7.9,50,TRUE
7,7.02,0,TRUE
7.68,6.78,25,FALSE
7.3,6.91,0,TRUE
7.12,6.68,50,TRUE
8,7.11,25,TRUE
8.31,6.53,0,TRUE
7.16,7.47,25,TRUE
8.33,7.81,50,TRUE
8.26,7.75,50,TRUE
7.19,6.64,50,TRUE
7.63,7.37,0,TRUE
7.89,6.6,50,TRUE
7.89,6.61,50,TRUE
8.3,7.81,50,TRUE
7.98,7.03,0,FALSE
6.73,7.81,25,TRUE
8.42,6.72,0,TRUE
6.66,6.79,0,TRUE
8.81,6.98,50,TRUE
8.51,6.76,50,TRUE
7.78,7.34,0,TRUE
7.02,7.06,0,TRUE
7.98,7.3,0,TRUE
6.62,7.73,0,TRUE
8.48,7.4,0,TRUE
6.93,7.31,25,TRUE
7.76,6.68,0,TRUE
6.87,6.99,25,FALSE
7.62,7.64,25,TRUE
8.19,6.88,0,TRUE
7.93,7.19,0,TRUE
8.04,7.71,50,TRUE
7.21,6.89,50,TRUE
8.47,7.22,0,TRUE
6.78,7.33,0,TRUE
8.1,8,50,TRUE
8.01,7.59,25,TRUE
7.78,7.46,25,TRUE
7.56,7.62,0,TRUE
8.19,7.36,50,TRUE
7.66,7.38,50,FALSE
8.16,8,0,TRUE
7.93,7.01,50,TRUE
7.18,6.86,0,TRUE
6.61,7.58,0,TRUE
7.87,7.32,25,TRUE
7.41,6.78,25,TRUE
8.76,7.16,50,TRUE
8.32,7.52,0,TRUE
7.86,6.77,25,TRUE
7.84,6.62,0,TRUE
6.64,7.5,25,TRUE
8.02,7.46,25,TRUE
7.76,7.01,25,FALSE
7.9,7.99,50,TRUE
6.64,7.13,25,TRUE
6.69,7.78,0,TRUE
7.77,7.67,0,TRUE
6.78,7.79,0,TRUE
6.48,7.86,25,TRUE
7.79,7.92,50,TRUE
7.53,7.39,50,TRUE
6.11,7.89,25,TRUE
6.18,6.51,25,TRUE
7.49,7.9,0,TRUE
8.25,7.81,0,TRUE
7.99,6.95,25,FALSE
6.61,7.6,25,TRUE
7.11,7.07,0,TRUE
7.95,7.16,25,TRUE
6.43,7.08,25,TRUE
6.89,7.75,25,TRUE
7.64,7.69,0,TRUE
7.64,7.5,0,TRUE
6.41,7.75,25,TRUE
8.54,7.52,50,TRUE
6.99,6.7,0,TRUE
7.94,7.13,50,TRUE
7.2,7.64,25,TRUE
7.67,6.74,0,FALSE
6.35,7.23,25,TRUE
6.58,7.36,0,TRUE
7.67,7.05,0,TRUE
6.8,7.37,25,TRUE
8.26,6.97,0,TRUE
6.95,7.08,0,TRUE
7,7.77,25,TRUE
8.8,7.19,50,TRUE
7.3,7.42,50,TRUE
7.38,7.74,50,TRUE
8.94,7.15,50,TRUE
6.45,6.95,25,TRUE
7.24,18.76,25,FALSE
7.17,7.4,25,TRUE
8.48,7.62,0,TRUE
7.03,6.81,25,TRUE
6.36,6.63,25,TRUE
6.44,6.93,25,TRUE
7.3,7.11,0,TRUE
7.53,7.19,0,TRUE
8.28,7.27,50,TRUE
7.87,7.94,25,TRUE
7.56,7.8,50,TRUE
6.51,6.71,0,TRUE
7.48,6.61,25,TRUE
12.54,7.43,0,FALSE
7.2,7.88,25,TRUE
7.62,7.22,50,TRUE
8.76,6.88,50,TRUE
7.32,7.95,25,TRUE
6.51,7.7,25,TRUE
7.92,7.81,50,TRUE
8.77,6.74,50,TRUE
7.21,7.79,50,TRUE
6.84,7.14,25,TRUE
7.25,7.5,0,TRUE
6.18,7.9,25,TRUE
7.86,7.04,25,TRUE
9.63,7.59,50,FALSE
7.28,6.78,50,TRUE
7.9,7.96,50,TRUE
7.41,6.75,50,TRUE
8.23,7.88,50,TRUE
6.56,7.14,25,TRUE
7.39,6.67,25,TRUE
8.62,7.41,50,TRUE
8.31,6.69,0,TRUE
6.64,6.97,25,TRUE
7.86,7.58,0,TRUE
8.36,7.82,50,TRUE
7.64,7.68,50,TRUE
6.87,6.58,50,FALSE
7.67,7.02,50,TRUE
8.02,7.53,25,TRUE
7.81,7.85,25,TRUE
7.72,7.88,0,TRUE
6.44,8,25,TRUE
7.45,6.71,0,TRUE
7.76,7.99,0,TRUE
8.26,7.59,0,TRUE
6.37,7.54,25,TRUE
8.43,7.68,0,TRUE
8.47,7.73,50,TRUE
7.99,7.02,25,TRUE
6.81,13.11,50,FALSE
8,7.93,0,TRUE
6.88,6.61,0,TRUE
6.48,7.65,25,TRUE
8.25,6.97,50,TRUE
6.77,7.98,0,TRUE
8.04,7.79,0,TRUE
7.16,7.03,0,TRUE
6.9,7.99,25,TRUE
7.3,6.56,50,TRUE
7.75,6.97,25,TRUE
6.24,7.56,25,TRUE
7.12,6.95,0,TRUE
7.32,17.59,25,FALSE
6.63,6.84,0,TRUE
7.67,7.23,50,TRUE
7.42,6.67,0,TRUE
7.62,7.7,25,TRUE
6.64,7.11,0,TRUE
7.9,7.14,0,TRUE
8.25,7.92,50,TRUE
7.56,7.92,50,TRUE
7.16,7.93,0,TRUE
8.34,7.36,0,TRUE
8.28,6.76,0,TRUE
7.12,7.35,0,TRUE
6.73,6.82,0,FALSE
7.15,7.52,25,TRUE
7.87,7.4,50,TRUE
8.83,6.97,50,TRUE
7.62,7.53,0,TRUE
7.01,7.49,25,TRUE
7.16,6.59,50,TRUE
7.36,6.64,50,TRUE
6.94,7.4,25,TRUE
7.82,7.32,0,TRUE
7.99,7.08,25,TRUE
8.42,7.59,0,TRUE
7.47,7.02,25,TRUE
7.01,15.35,0,FALSE
8.63,6.95,50,TRUE
8.09,6.66,25,TRUE
6.62,7.38,25,TRUE
7.98,7.2,50,TRUE
6.21,7.34,25,TRUE
6.98,6.7,25,TRUE
6.99,7.32,0,TRUE
7.15,6.63,0,TRUE
8.8,6.73,50,TRUE
7,7.77,0,TRUE
8.07,7.03,0,TRUE
7.06,7.88,50,TRUE
7.74,7,25,FALSE
8.01,7.08,25,TRUE
7.41,7.84,50,TRUE
7.97,6.63,25,TRUE
7.82,7.44,50,TRUE
7.87,6.78,25,TRUE
6.76,6.9,0,TRUE
7.02,6.79,25,TRUE
7.82,7.75,25,TRUE
8.9,7.82,50,TRUE
8.9,7.39,50,TRUE
7.74,7.49,0,TRUE
7.88,7.11,50,TRUE
6.76,6.74,50,FALSE
7.87,7,0,TRUE
7.96,7.6,50,TRUE
7.22,6.85,25,TRUE
8.47,7.67,50,TRUE
6.33,7.29,25,TRUE
8.37,6.79,50,TRUE
7.28,7.49,50,TRUE
7.7,7.25,25,TRUE
8.61,6.88,50,TRUE
8.82,6.98,50,TRUE
6.98,6.91,50,TRUE
8.77,6.7,50,TRUE
6.77,10.3,0,FALSE
8.66,7.83,50,TRUE
7.96,7.25,25,TRUE
7.06,7.04,0,TRUE
6.45,6.5,25,TRUE
7.97,7.21,0,TRUE
8.1,7.09,25,TRUE
6.46,7.44,25,TRUE
8.89,7.33,50,TRUE
7.41,7.86,50,TRUE
8.06,6.64,0,TRUE
7.5,6.96,50,TRUE
6.98,7.69,25,TRUE
7.67,7.84,50,FALSE
7.83,6.85,25,TRUE
6.74,7.24,25,TRUE
6.91,7.44,0,TRUE
8.02,6.69,25,TRUE
7.39,7.91,0,TRUE
6.21,6.97,25,TRUE
7.15,7.46,25,TRUE
8.28,7.38,50,TRUE
7.35,7.5,0,TRUE
6.94,6.54,25,TRUE
7.18,7.96,25,TRUE
8.1,7.06,0,TRUE
7.3,6.74,0,FALSE
7.05,6.61,50,TRUE
7.63,7.99,25,TRUE
7.08,6.53,50,TRUE
8.07,6.61,25,TRUE
7.33,7.76,50,TRUE
7.42,6.61,0,TRUE
7.3,7.73,25,TRUE
7.86,7.78,50,TRUE
7.63,7.17,50,TRUE
8.73,7.79,50,TRUE
8.18,6.83,50,TRUE
6.57,7.97,25,TRUE
7.41,9.71,0,FALSE
6.32,6.58,25,TRUE
8.83,6.72,50,TRUE
7.72,6.54,0,TRUE
7.1,7.18,0,TRUE
6.84,7.2,25,TRUE
6.79,6.91,25,TRUE
6.82,7.65,0,TRUE
7.07,6.86,50,TRUE
7.85,7.26,0,TRUE
6.65,6.75,25,TRUE
7.34,7.6,50,TRUE
8.29,7.12,0,TRUE
12.08,7.27,0,FALSE
7.48,7.37,50,TRUE
8.83,7.59,50,TRUE
6.68,7.84,0,TRUE
7.24,7.4,25,TRUE
7.85,7.08,25,TRUE
8.36,7.56,0,TRUE
6.52,7.71,25,TRUE
8.55,7.24,50,TRUE
6.4,7.86,25,TRUE
8.17,7.95,0,TRUE
7.64,7.69,25,TRUE
6.53,6.72,25,TRUE
6.51,15.15,0,FALSE
7.8,7.89,25,TRUE
7.17,7.84,0,TRUE
7.16,7.66,25,TRUE
7.83,6.76,25,TRUE
7.72,7.59,25,TRUE
8.25,7.02,50,TRUE
6.61,7.32,0,TRUE
6.33,7.95,25,TRUE
8.35,6.6,50,TRUE
8.18,7.37,50,TRUE
7.43,7.59,25,TRUE
7.21,7.79,50,TRUE
12.43,7.43,25,FALSE
6.77,8,0,TRUE
6.53,7.56,0,TRUE
7.59,6.52,0,TRUE
7.25,7.78,25,TRUE
6.56,6.71,25,TRUE
6.65,6.69,25,TRUE
7.71,6.82,25,TRUE
6.99,6.61,25,TRUE
8.5,6.56,50,TRUE
7.09,7.03,25,TRUE
8.28,7.03,0,TRUE
8.05,6.52,25,TRUE
6.53,7.75,0,FALSE
8.05,7.25,0,TRUE
7.78,7.17,25,TRUE
7.26,6.52,25,TRUE
7.91,7.04,25,TRUE
6.85,7.16,0,TRUE
7.44,7.57,50,TRUE
8.2,6.57,50,TRUE
7.47,6.7,50,TRUE
7.84,6.7,50,TRUE
7.88,7.11,0,TRUE
6.99,7.32,0,TRUE
7.61,6.72,50,TRUE
6.83,6.96,0,FALSE
6.28,7.81,25,TRUE
7.15,6.59,50,TRUE
8.29,7.78,0,TRUE
7.11,7.45,25,TRUE
6.49,7.1,25,TRUE
8.07,7.01,50,TRUE
7.74,7.07,0,TRUE
7.78,7.8,25,TRUE
6.57,7.51,25,TRUE
8.49,7.23,0,TRUE
7.59,7.49,50,TRUE
6.82,7.51,0,TRUE
6.63,19.94,50,FALSE
7.92,7.75,50,TRUE
8.23,7.21,0,TRUE
8.77,7.98,50,TRUE
8.07,7.62,25,TRUE
7.1,7.69,50,TRUE
7.31,7.71,0,TRUE
6.65,7.68,25,TRUE
8.56,6.97,50,TRUE
6.54,6.86,0,TRUE
6.47,6.54,25,TRUE
8.06,7.46,0,TRUE
7.57,7.54,0,TRUE
6.99,12.54,0,FALSE
7.64,8,50,TRUE
7.33,7.91,0,TRUE
7.12,6.83,25,TRUE
7.93,6.61,0,TRUE
7.8,6.59,50,TRUE
7.19,6.76,25,TRUE
6.87,7.46,0,TRUE
8.92,6.94,50,TRUE
8.77,7.17,50,TRUE
6.3,7.22,25,TRUE
6.97,7.94,25,TRUE
7.45,7.39,0,TRUE
7.12,7.09,0,FALSE
7.66,7.01,25,TRUE
6.44,6.5,25,TRUE
7.01,7.58,25,TRUE
8.25,7.27,50,TRUE
7.18,7.13,0,TRUE
8.44,6.91,0,TRUE
7.25,7.15,50,TRUE
7.06,7.17,50,TRUE
8.54,7.02,50,TRUE
6.58,7.81,25,TRUE
7.08,7.59,50,TRUE
7.58,6.78,0,TRUE
7.62,9.01,25,FALSE
8.62,7.39,50,TRUE
7.01,6.82,50,TRUE
7.4,7.15,25,TRUE
7.27,7.24,0,TRUE
8.16,7.88,50,TRUE
8.6,7.31,50,TRUE
7.13,6.5,25,TRUE
6.97,7.75,0,TRUE
7.38,7.54,25,TRUE
8.07,7.21,0,TRUE
7.91,7.77,0,TRUE
8.53,7.76,50,TRUE
6.93,6.75,25,FALSE
7.64,7.61,25,TRUE
8.76,6.76,50,TRUE
8.09,7.15,50,TRUE
7.45,7.79,25,TRUE
6.33,6.93,25,TRUE
6.17,7.36,25,TRUE
8.53,7.38,50,TRUE
7.02,6.53,0,TRUE
7.3,6.7,0,TRUE
7.7,6.57,0,TRUE
7.37,6.68,0,TRUE
7.51,6.97,0,TRUE
12.38,6.74,25,FALSE
7.82,7.05,50,TRUE
7.25,7.41,50,TRUE
8.81,7.6,50,TRUE
7.93,7.96,0,TRUE
8.2,7.27,0,TRUE
8.32,7.88,0,TRUE
7.68,7.69,25,TRUE
7.9,7.95,50,TRUE
7.22,6.72,25,TRUE
8.12,7.85,50,TRUE
7.99,6.75,0,TRUE
7.64,6.91,0,TRUE
7.94,7.39,0,FALSE
6.14,6.71,25,TRUE
8.31,7.33,0,TRUE
6.51,7.39,0,TRUE
7.14,7.83,0,TRUE
7.95,7.74,25,TRUE
8.86,6.95,50,TRUE
7.78,7.52,25,TRUE
8.13,7.71,50,TRUE
7.07,6.82,50,TRUE
6.78,6.65,25,TRUE
6.89,6.67,25,TRUE
7.64,7.62,50,TRUE
13.09,7.89,50,FALSE
6.88,7.72,25,TRUE
6.66,7.25,0,TRUE
7.49,7.33,25,TRUE
6.93,7.34,0,TRUE
7.26,6.7,0,TRUE
6.74,7.39,0,TRUE
6.33,7.89,25,TRUE
7.95,7.89,50,TRUE
7.09,6.69,25,TRUE
8.37,7.1,50,TRUE
7.76,7.47,50,TRUE
8.35,6.54,50,TRUE
7.86,7.78,50,FALSE
8.01,7.6,25,TRUE
7.12,7.13,50,TRUE
8.34,8,0,TRUE
7.64,6.54,25,TRUE
7.12,6.64,0,TRUE
8.19,7.2,50,TRUE
8.09,7.62,0,TRUE
6.97,7.63,25,TRUE
7.54,7.84,25,TRUE
8.86,6.59,50,TRUE
7.31,6.95,0,TRUE
7.33,6.78,25,TRUE
13.14,7.83,0,FALSE
8.1,6.85,0,TRUE
6.48,7.17,25,TRUE
8.04,7.99,25,TRUE
6.51,6.8,0,TRUE
8.18,7.59,50,TRUE
6.8,7.59,25,TRUE
6.66,7.35,25,TRUE
8.19,7.77,0,TRUE
8.1,7.09,0,TRUE
6.41,6.78,25,TRUE
8.12,6.75,50,TRUE
7.34,7.58,50,TRUE
6.62,7.52,0,FALSE
7.17,7.74,50,TRUE
6.51,7.02,0,TRUE
7.91,7.23,25,TRUE
6.17,7.58,25,TRUE
6.56,7.25,25,TRUE
6.76,7.03,25,TRUE
6.93,7.97,25,TRUE
6.79,7.84,0,TRUE
7.51,7.71,50,TRUE
8.48,7.84,50,TRUE
7.07,6.88,50,TRUE
6.59,7.31,25,TRUE
7.96,14.46,25,FALSE
7.18,7.15,0,TRUE
7.61,7.13,0,TRUE
6.99,6.79,25,TRUE
7.29,7.14,25,TRUE
7.1,6.76,0,TRUE
6.7,7.04,0,TRUE
7.4,7.77,0,TRUE
8.87,7.02,50,TRUE
7.64,6.81,0,TRUE
6.86,7.45,0,TRUE
7.57,6.92,50,TRUE
7.59,6.74,25,TRUE
6.8,7.02,25,FALSE
6.25,6.77,25,TRUE
7.79,7.26,25,TRUE
6.64,6.96,0,TRUE
8.06,7.22,0,TRUE
7.97,6.69,25,TRUE
6.18,7.7,25,TRUE
8.65,7.56,50,TRUE
7.55,7.03,0,TRUE
8.07,6.63,50,TRUE
8.22,7.75,50,TRUE
8.92,7.32,50,TRUE
6.8,7.39,0,TRUE
12.93,7.05,50,FALSE
7.87,7.09,25,TRUE
6.4,6.75,25,TRUE
6.26,7.72,25,TRUE
6.94,6.8,0,TRUE
6.27,6.81,25,TRUE
8.46,6.98,50,TRUE
8.73,6.99,50,TRUE
6.24,7.54,25,TRUE
7.86,6.58,25,TRUE
7.34,7.6,0,TRUE
7.07,7.84,0,TRUE
7.91,7.45,50,TRUE
7.32,7.28,50,FALSE
6.31,7.37,25,TRUE
8.1,7.66,25,TRUE
8.69,7.24,50,TRUE
7.88,6.75,0,TRUE
7.5,6.71,0,TRUE
8.01,6.6,25,TRUE
8.35,6.51,50,TRUE
7.45,7.18,0,TRUE
8.05,7.67,25,TRUE
7.04,7.07,25,TRUE
6.99,6.85,0,TRUE
7.74,7.62,50,TRUE
7.76,7.56,50,FALSE
8.47,6.84,50,TRUE
6.37,6.51,25,TRUE
8.03,6.62,50,TRUE
6.58,7.33,25,TRUE
7.23,7.05,50,TRUE
8.31,7.66,0,TRUE
7.69,7.06,50,TRUE
7.63,7.72,50,TRUE
7.45,7.16,25,TRUE
7.97,6.99,0,TRUE
6.56,7.14,25,TRUE
6.59,7.1,0,TRUE
7.61,7.35,0,FALSE
7.61,7.95,0,TRUE
7.66,7.44,50,TRUE
7.47,6.66,50,TRUE
6.47,7.7,25,TRUE
7.55,7.21,0,TRUE
7.16,6.89,0,TRUE
6.82,7.34,0,TRUE
7.7,7.08,50,TRUE
7.1,6.82,50,TRUE
7.63,7.17,25,TRUE
7.4,7.8,25,TRUE
6.22,7.31,25,TRUE
7.03,6.63,50,FALSE
7.72,7.22,50,TRUE
8,6.53,25,TRUE
7.1,7.8,50,TRUE
8.09,6.79,50,TRUE
7.03,7.86,25,TRUE
7.52,7.89,0,TRUE
8.32,7.24,50,TRUE
7.15,7.22,0,TRUE
8.4,7.49,50,TRUE
6.6,7.07,0,TRUE
7.68,7.83,50,TRUE
7.34,7.5,0,TRUE
7.59,7.37,25,FALSE
7.3,7.8,0,TRUE
8.32,7.39,0,TRUE
7.61,6.92,25,TRUE
8.26,7.14,0,TRUE
7.13,7.96,0,TRUE
8.47,7.09,0,TRUE
6.84,7.96,25,TRUE
7.39,7,25,TRUE
7.33,7.31,0,TRUE
7.51,7.65,0,TRUE
7.38,7.39,25,TRUE
6.97,6.55,50,TRUE
7.86,7.21,25,FALSE
8.1,7.86,50,TRUE
7.67,7.56,50,TRUE
7.93,7.14,25,TRUE
7.09,7.16,0,TRUE
7.04,6.63,50,TRUE
7.69,7.97,25,TRUE
6.55,7.63,25,TRUE
8.52,7.12,50,TRUE
7.22,7.68,50,TRUE
7.27,7.96,25,TRUE
7.06,7.98,50,TRUE
6.87,6.95,0,TRUE
7.35,7.17,0,FALSE
8.48,7.45,0,TRUE
7.83,7.02,25,TRUE
7.22,7.36,50,TRUE
7.06,7.68,25,TRUE
8.43,7.81,50,TRUE
7.01,7.16,50,TRUE
6.71,7.84,25,TRUE
8.39,7.75,50,TRUE
7.35,7.49,25,TRUE
8.06,7.56,25,TRUE
7.25,7.39,50,TRUE
7.86,7.14,50,TRUE
6.96,6.7,50,FALSE
6.18,7.77,25,TRUE
6.26,7.09,25,TRUE
7.78,7.2,0,TRUE
6.53,7.95,0,TRUE
7.89,7.4,25,TRUE
8.41,6.59,0,TRUE
7.81,7.56,0,TRUE
7.42,7.07,0,TRUE
6.89,6.81,25,TRUE
6.67,7.2,0,TRUE
7.38,7.64,25,TRUE
6.92,7.46,0,TRUE
7.23,7.37,50,FALSE
8.76,6.78,50,TRUE
6.75,7.75,25,TRUE
6.77,7.81,25,TRUE
8.37,6.98,50,TRUE
6.93,6.78,25,TRUE
6.99,6.57,50,TRUE
6.95,7.71,25,TRUE
6.54,7.31,25,TRUE
8.29,6.94,0,TRUE
7.73,6.51,50,TRUE
7.65,7.4,25,TRUE
8.39,6.83,50,TRUE
7.58,7.11,25,FALSE
7.58,7.05,0,TRUE
7.46,7.33,25,TRUE
8.79,6.58,50,TRUE
6.48,7.23,25,TRUE
7.17,7.12,25,TRUE
7.27,6.69,0,TRUE
7,7.23,25,TRUE
8.07,7.57,50,TRUE
7.58,7.02,0,TRUE
7.72,6.57,0,TRUE
8.22,7.95,0,TRUE
7.84,7.19,0,TRUE
7.94,19.91,0,FALSE
8.52,6.93,50,TRUE
8.3,7.16,50,TRUE
8.77,6.63,50,TRUE
8.06,7,50,TRUE
7.33,6.86,0,TRUE
7.21,7.6,0,TRUE
7.75,7.52,50,TRUE
